"code_line","qtd_exception_events","identification"
32769,638,"LGO. SÃO FRANCISCO / TERM. CAPELINHA"
32772,759,"TERM. PRINC. ISABEL / TERM. STO. AMARO"
32773,54,"TERM. JOÃO DIAS / JD. IBIRAPUERA"
32774,97,"TERM. CAPELINHA / SHOP. PORTAL"
32776,76,"METRÔ ANA ROSA / TERM. CAPELINHA"
32780,23,"TERM. CAPELINHA / VALO VELHO"
32781,76,"TERM. JOÃO DIAS / CAPÃO REDONDO"
32782,29,"TERM. CAPELINHA / VALO VELHO"
32784,56,"TERM. CAPELINHA / JD. D. JOSÉ"
32787,47,"TERM. CAPELINHA / JD. DAS ROSAS"
32789,45,"TERM. CAPELINHA / JD. JANGADEIRO"
32790,52,"TERM. CAPELINHA / JD. MACEDÔNIA"
32791,50,"TERM. CAPELINHA / PQ. FERNANDA"
32793,36,"TERM. CAPELINHA / JD. COMERCIAL"
32794,58,"TERM. CAPELINHA / JD. MITSUTANI"
32795,32,"TERM. CAPELINHA / JD. SÃO BENTO"
32796,32,"TERM. CAPELINHA / JD. VALE DAS VIRTUDES"
32797,93,"TERM. JOÃO DIAS / JD. CAPELINHA"
32798,72,"TERM. JOÃO DIAS / JD. INGÁ"
32799,79,"TERM. JOÃO DIAS / TERM. CAPELINHA"
32800,68,"TERM. JOÃO DIAS / JD. NOVO ORIENTE"
32801,43,"TERM. CAPELINHA / JD. LÍDIA"
32802,48,"TERM. CAPELINHA / JD. GUARUJÁ"
32805,1006,"TERM. PRINC. ISABEL / CHÁC. SANTANA"
32809,27,"TERM. CAMPO LIMPO / JD. MACEDÔNIA"
32813,746,"PÇA. DA SÉ / CHÁC. SANTANA"
32814,375,"TERM. BANDEIRA / TERM. STO. AMARO"
32815,107,"TERM. PINHEIROS / TERM. STO. AMARO"
32816,693,"TERM. PQ. D. PEDRO II / TERM. STO. AMARO"
32820,164,"TERM. STO. AMARO / TERM. CAPELINHA"
32824,81,"STO. AMARO / CAPÃO REDONDO"
32825,545,"TERM. BANDEIRA / TERM. JOÃO DIAS"
32826,400,"TERM. PQ. D. PEDRO II / TERM. JOÃO DIAS"
32827,361,"TERM. BANDEIRA / TERM. CAPELINHA"
32829,746,"TERM. BANDEIRA / TERM. CAPELINHA"
32831,382,"LGO. SÃO FRANCISCO / TERM. CAPELINHA"
32833,150,"HOSP. DAS CLÍNICAS / TERM. JOÃO DIAS"
32834,349,"TERM. PINHEIROS / TERM. CAPELINHA"
32836,54,"METRÔ SÃO JUDAS / TERM. JOÃO DIAS"
32837,435,"PÇA. DO CORREIO / SESC/ORION"
32838,647,"PÇA. DA SÉ / PQ. RES. COCAIA"
32846,458,"METRÔ BRÁS / TERM. GRAJAÚ"
32849,444,"LGO. SÃO FRANCISCO / VL. SÃO JOSÉ"
32852,90,"TERM. GRAJAÚ / JD. NORONHA"
32855,168,"TERM. STO. AMARO / JD. ICARAÍ"
32858,63,"TERM. STO. AMARO / JD. GRAUNA"
32860,85,"TERM. GRAJAÚ / JD. SÃO BERNARDO"
32863,64,"TERM. GRAJAÚ / PQ. RES. COCAIA"
32869,104,"PINHEIROS / GRAJAÚ"
32871,173,"PINHEIROS / VL. SÃO JOSÉ"
32872,81,"TERM. STO. AMARO / PQ. AMÉRICA"
32874,49,"METRÔ JABAQUARA / PQ. RES. COCAIA"
32876,97,"METRÔ JABAQUARA / CENTRO SESC"
32877,79,"METRÔ JABAQUARA / GRAJAÚ"
32879,122,"METRÔ VL. MARIANA / TERM. GRAJAÚ"
32880,30,"CPTM GRAJAÚ / JD. ALPINO"
32882,79,"METRÔ JABAQUARA / JD. STA. BARBARA"
32884,376,"TERM. PQ. D. PEDRO II / TERM. CASA VERDE"
32885,525,"ACLIMAÇÃO / TERM. PRINC. ISABEL"
32892,137,"ACLIMAÇÃO / TERM. PRINC. ISABEL"
32893,310,"TERM. PQ. D. PEDRO II / TERM. VL. PRUDENTE"
32897,805,"LUZ / TERM. A. E. CARVALHO"
32900,441,"PÇA. DO CORREIO / SÃO MIGUEL"
32902,92,"METRÔ ARTUR ALVIM / TERM. A. E. CARVALHO"
32903,321,"TERM. PQ. D. PEDRO II / JD. DANFER"
32906,34,"TERM. A. E. CARVALHO / CEM. DA SAUDADE"
32907,55,"TERM. ARICANDUVA / BURGO PAULISTA"
32908,85,"METRÔ ITAQUERA / JD. STO. ANTÔNIO"
32909,276,"TERM. PQ. D. PEDRO II / TERM. A. E. CARVALHO"
32910,286,"TERM. PQ. D. PEDRO II / VL. MARA"
32912,102,"METRÔ TATUAPÉ / ERMELINO MATARAZZO"
32913,63,"METRÔ TATUAPÉ / VL. CISPER"
32922,116,"PENHA / VL. PARANAGUÁ"
32923,120,"CERET / TERM. A. E. CARVALHO"
32926,118,"TERM. SÃO MATEUS / TERM. A. E. CARVALHO"
32927,33,"METRÔ ITAQUERA / VL. MARA"
32932,31,"TERM. SÃO MATEUS / JD. HELENA"
32934,278,"TERM. PQ. D. PEDRO II / JD. SÃO PAULO"
32939,503,"LGO. SÃO FRANCISCO / JD. ÂNGELA"
32943,45,"SHOP. INTERLAGOS / JD. HERCULANO"
32944,174,"TERM. STO. AMARO / TERM. CAPELINHA"
32945,19,"JD. NOVA ERA / TERM. VARGINHA"
32953,261,"TERM. PINHEIROS / TERM. JD. ÂNGELA"
32954,90,"TERM. STO. AMARO / JD. NAKAMURA"
32956,85,"TERM. STO. AMARO / TERM. JD. JACIRA"
32964,59,"TERM. STO. AMARO / JD. ARACATI"
32966,109,"METRÔ STA. CRUZ / TERM. JD. ÂNGELA"
32969,40,"TERM. CAPELINHA / TERM. JD. JACIRA"
32975,445,"TERM. PQ. D. PEDRO II / TERM. A. E. CARVALHO"
32978,88,"TERM. ARICANDUVA / JD. COIMBRA"
32981,57,"TERM. ARICANDUVA / VL. SÃO FRANCISCO"
32987,91,"CONJ. JOSÉ BONIFÁCIO / PENHA"
32988,49,"CHÁC. BELA VISTA / METRÔ PENHA"
32990,88,"METRÔ ARTUR ALVIM / PQ. D. JOÃO NERY"
32991,40,"METRÔ ARTUR ALVIM / JD. HELENA"
32992,47,"METRÔ ARTUR ALVIM / CPTM JOSÉ BONIFÁCIO"
32994,69,"METRÔ ARTUR ALVIM / JD. ROBRU"
32999,46,"METRÔ PENHA / PARADA XV DE NOVEMBRO"
33000,269,"METRÔ VL. MARIANA / PENHA"
33001,68,"METRÔ PENHA / GUAIANAZES"
33006,44,"METRÔ PATRIARCA / GUAIANAZES"
33009,79,"METRÔ TATUAPÉ / CID. PEDRO JOSÉ NUNES"
33011,49,"METRÔ VL. MATILDE / CPTM JOSÉ BONIFÁCIO"
33015,163,"METRÔ TATUAPÉ / VL. SANTANA"
33017,195,"CERET / JD. HELENA"
33018,38,"TERM. A. E. CARVALHO / VL. PROGRESSO"
33020,82,"COHAB II / JD. HELENA"
33021,32,"TERM. SÃO MATEUS / GUAIANAZES"
33026,78,"TERM. VL. CARRÃO / GUAIANAZES"
33027,63,"CPTM GUAIANAZES / TERM. SÃO MIGUEL"
33028,63,"CPTM GUAIANAZES / SÃO MIGUEL"
33030,172,"LAR ESC. SÃO FRANCISCO / METRÔ VL. MARIANA"
33032,376,"PQ. IBIRAPUERA / JD. SELMA"
33034,79,"PÇA. D. GASTÃO / JD. MIRIAM"
33037,24,"PQ. IBIRAPUERA / JD. APURÁ"
33039,181,"TERM. STO. AMARO / VL. IMPÉRIO"
33040,66,"TERM. STO. AMARO / VL. GUACURI"
33042,393,"PÇA. DA SÉ / JD. IV CENTENÁRIO"
33043,40,"METRÔ CONCEIÇÃO / SHOP. SP MARKET"
33044,173,"VL. PRUDENTE / PQ. BANCÁRIO"
33045,100,"VL. PRUDENTE / VL. INDUSTRIAL"
33049,129,"SHOP. METRÔ TATUAPÉ / JD. GUAIRACÁ"
33051,36,"METRÔ BELÉM / JD. IMPERADOR"
33056,60,"MOOCA / PQ. STA. MADALENA"
33057,25,"VL. PRUDENTE / VL. CALIFÓRNIA"
33058,393,"TERM. PQ. D. PEDRO II / PQ. STA. MADALENA"
33067,215,"METRÔ VL. MARIANA / JD. MARIA ESTELA II"
33070,108,"METRÔ SAÚDE / VL. LIVIERO"
33072,561,"TERM. STO. AMARO / IPIRANGA"
33074,164,"METRÔ VL. MARIANA / HELIÓPOLIS"
33075,141,"LAPA / IPIRANGA"
33077,593,"BOM RETIRO / PQ. SÃO LUCAS"
33078,344,"PÇA. ALMEIDA JR. / PQ. STA. MADALENA"
33079,207,"PÇA. ALMEIDA JR. / VL. EMA"
33086,173,"METRÔ VL. MARIANA / VL. MONUMENTO"
33088,113,"PÇA. DA REPÚBLICA / VL. MONUMENTO"
33089,555,"TERM. PQ. D. PEDRO II / VL. GUMERCINDO"
33090,68,"PÇA. DA REPÚBLICA / SHOP. PLAZA SUL"
33093,397,"TERM. PQ. D. PEDRO II / JD. PLANALTO"
33094,58,"VL. PRUDENTE / VL. INDUSTRIAL"
33095,414,"TERM. PQ. D. PEDRO II / ZOOLÓGICO"
33100,137,"METRÔ VL. MARIANA / JD. CLÍMAX"
33101,200,"METRÔ VL. MARIANA / JD. SÃO SAVÉRIO"
33103,89,"METRÔ SAÚDE / JD. MARIA ESTELA"
33104,126,"METRÔ STA. CRUZ / JD. CELESTE"
33105,119,"METRÔ JABAQUARA / SHOP. PLAZA SUL"
33106,166,"SHOP. IBIRAPUERA / VL. BRASILINA"
33108,101,"METRÔ PÇA. DA ÁRVORE / JD. CLÍMAX"
33110,64,"METRÔ SÃO JUDAS / JD. CLÍMAX"
33111,857,"TERM. AMARAL GURGEL / JD. DA SAÚDE"
33112,933,"TERM. PQ. D. PEDRO II / JD. SÃO SAVÉRIO"
33114,637,"TERM. PINHEIROS / SACOMÃ"
33116,625,"RIO PEQUENO / IPIRANGA"
33117,208,"POMPÉIA ATÉ VL. ROMANA / SACOMÃ"
33121,1023,"TERM. PRINC. ISABEL / TERM. STO. AMARO"
33122,504,"TERM. PQ. D. PEDRO II / TERM. STO. AMARO"
33123,419,"TERM. BANDEIRA / TERM. STO. AMARO"
33126,614,"TERM. BANDEIRA / INOCOOP CAMPO LIMPO"
33128,365,"TERM. BANDEIRA / SOCORRO"
33129,579,"TERM. BANDEIRA / VL. CRUZEIRO"
33130,272,"METRÔ ANA ROSA / TERM. STO. AMARO"
33131,257,"HOSP. DAS CLÍNICAS / TERM. STO. AMARO"
33135,102,"TERM. A. E. CARVALHO / CID. KEMEL II"
33136,114,"TERM. PENHA / JD. DAS OLIVEIRAS"
33138,17,"CPTM ITAIM PAULISTA / JD. NÉLIA"
33139,93,"TERM. ARICANDUVA / CID. KEMEL"
33140,43,"TERM. A. E. CARVALHO / CONJ. ENCOSTA NORTE"
33142,332,"TERM. PQ. D. PEDRO II / VL. NOVA CURUÇÁ"
33143,36,"TERM. ARICANDUVA / VL. CURUÇÁ"
33144,294,"TERM. PQ. D. PEDRO II / JD. NAZARÉ"
33146,269,"TERM. PQ. D. PEDRO II / JD. CAMARGO VELHO"
33151,270,"TERM. PQ. D. PEDRO II / OLIVEIRINHA"
33157,59,"METRÔ PENHA / JD. ROMANO"
33158,75,"METRÔ VL. MATILDE / CID. KEMEL II"
33160,35,"METRÔ ARTUR ALVIM / JD. DAS OLIVEIRAS"
33165,91,"METRÔ TATUAPÉ / JD. ROMANO"
33166,46,"METRÔ PENHA / JD. NAZARÉ"
33167,19,"METRÔ ITAQUERA / JD. CAMARGO NOVO"
33170,323,"TERM. PQ. D. PEDRO II / ITAIM PAULISTA"
33173,23,"METRÔ ITAQUERA / JD. CAMARGO VELHO"
33174,62,"TERM. LAPA / SOL NASCENTE"
33175,90,"LAPA / HAB. TURÍSTICA"
33176,180,"LAPA / JARAGUÁ"
33180,68,"LAPA / PQ. MORRO DOCE"
33182,131,"LAPA / PERUS"
33186,90,"TERM. LAPA / VL. PIAUÍ"
33188,109,"LAPA / PQ. SÃO DOMINGOS"
33189,98,"LAPA / VL. CLARICE"
33190,112,"TERM. PINHEIROS / VL. PIAUÍ"
33191,126,"ITAIM BIBI / TERM. PIRITUBA"
33198,310,"PÇA. DO CORREIO / CID. D'ABRIL 3ª GLEBA"
33200,258,"PÇA. RAMOS DE AZEVEDO / CID. D'ABRIL "
33206,7,"PÇA. RAMOS DE AZEVEDO / MORRO DOCE"
33211,328,"LGO. DO PAISSANDÚ / JD. LÍBANO"
33214,341,"LGO. DO PAISSANDÚ / MANGALOT"
33222,33,"COHAB TAIPAS / PERUS"
33224,35,"METRÔ VL. MARIANA / TERM. PIRITUBA"
33226,35,"PÇA. DO CORREIO / TERM. CASA VERDE"
33229,319,"PÇA. DO CORREIO / TERM. CACHOEIRINHA"
33230,361,"LGO. DO PAISSANDÚ / TERM. CACHOEIRINHA"
33232,102,"ITAIM BIBI / COHAB TAIPAS"
33233,136,"ITAIM BIBI / JD. NARDINI"
33234,79,"TERM. PRINC. ISABEL / TERM. CACHOEIRINHA"
33236,708,"TERM. BANDEIRA / JD. JAQUELINE"
33237,122,"METRÔ BARRA FUNDA / RIO PEQUENO"
33239,109,"PÇA. RAMOS DE AZEVEDO / PQ. CONTINENTAL"
33240,197,"TERM. LAPA / RIO PEQUENO"
33241,30,"PINHEIROS / JD. ADALGIZA"
33242,63,"METRÔ VL. MADALENA / RIO PEQUENO"
33243,10,"ITAIM BIBI / RIO PEQUENO"
33244,29,"SESC POMPÉIA / PQ. CONTINENTAL"
33245,6,"METRÔ - TRIANON - MASP  / PQ. CONTINENTAL"
33251,198,"METRÔ BARRA FUNDA / PINHEIROS/VILA IDA "
33253,754,"METRÔ BELÉM / JD. BONFIGLIOLI"
33255,66,"PAULISTA / COHAB EDUCANDÁRIO"
33258,322,"LGO. DA PÓLVORA / JD. MARIA LUIZA"
33264,421,"EST. DA LUZ / JD. BOA VISTA"
33266,195,"LAPA / JD. D'ABRIL"
33269,168,"METRÔ BARRA FUNDA / JD. JOÃO XXIII"
33272,348,"PÇA. RAMOS DE AZEVEDO / JD. JOÃO XXIII"
33274,14,"HOSP. DAS CLÍNICAS / JD. JOÃO XXIII"
33275,113,"METRÔ ANA ROSA / JD. GUARAÚ"
33276,100,"METRÔ BARRA FUNDA / JD. ARPOADOR"
33277,92,"TERM. PRINC. ISABEL / COHAB RAPOSO TAVARES"
33280,7,"PÇA. RAMOS DE AZEVEDO / JD. JOÃO XXIII/EDUC."
33284,1176,"ITAIM BIBI / METRÔ SANTANA"
33287,431,"TERM. AMARAL GURGEL / JD. PERY ALTO"
33299,202,"LAPA / COHAB ANTÁRTICA"
33302,365,"METRÔ BARRA FUNDA / PEDRA BRANCA"
33307,163,"METRÔ SANTANA / VL. DIONISIA"
33310,103,"METRÔ SANTANA / JD. ANTÁRTICA"
33311,158,"SHOP. D / JD. PERY ALTO"
33312,76,"METRÔ SANTANA / LAUZANE PAULISTA"
33314,186,"SHOP. CENTER NORTE / VL.NOVA CACHOEIRINHA"
33315,119,"METRÔ SANTANA / PEDRA BRANCA"
33316,31,"METRÔ SANTANA - CIRCULAR / CONJ. DOS BANCÁRIOS"
33320,82,"METRÔ SANTANA / JD. ANTÁRTICA"
33321,59,"METRÔ SANTANA / JD. PERY"
33325,92,"SHOP. CENTER NORTE / COHAB ANTÁRTICA"
33326,450,"LAPA / METRÔ SANTANA"
33328,598,"HOSP. DAS CLÍNICAS / LAUZANE PAULISTA"
33333,286,"CEASA / METRÔ SANTANA"
33336,697,"PINHEIROS / IMIRIM"
33337,356,"METRÔ SANTANA / HOSP. CACHOEIRINHA"
33339,65,"METRÔ SANTANA / COHAB BRASILÂNDIA"
33342,556,"PÇA. DO CORREIO / JD. PAULISTANO"
33343,91,"PÇA. DO CORREIO / JD. GUARANI"
33346,139,"TERM. LAPA / JD. DOS CUNHAS"
33348,339,"PÇA. DO CORREIO / TAIPAS"
33354,65,"TERM. PRINC. ISABEL / COHAB TAIPAS"
33356,509,"PÇA. DO CORREIO / PEDRA BRANCA"
33357,68,"METRÔ ANA ROSA / VL. BRASILÂNDIA"
33359,101,"TERM. PRINC. ISABEL / VOITH"
33361,372,"PÇA. DA SÉ / BALN. SÃO FRANCISCO"
33363,323,"PÇA. JOÃO MENDES / JD. MIRIAM"
33365,461,"PÇA. JOÃO MENDES / DIV. DIADEMA"
33366,292,"PÇA. JOÃO MENDES / ELDORADO"
33370,82,"LGO. CAMBUCI / AMERICANÓPOLIS"
33371,84,"STO. AMARO / METRÔ JABAQUARA"
33372,284,"PINHEIROS / VL. CLARA"
33375,83,"METRÔ VERGUEIRO / ELDORADO"
33377,289,"PERDIZES / AEROPORTO"
33380,43,"METRÔ SANTANA / VL. PENTEADO"
33382,107,"METRÔ SANTANA / CPTM JARAGUÁ"
33386,138,"METRÔ SANTANA / VL. STA. MARIA"
33387,160,"SHOP. CENTER NORTE / JD. VISTA ALEGRE"
33389,1301,"TERM. PINHEIROS / METRÔ TUCURUVI"
33391,748,"METRÔ JABAQUARA / METRÔ SANTANA"
33393,137,"METRÔ SANTANA / JD. CORISCO"
33396,69,"METRÔ TUCURUVI / PQ. EDÚ CHAVES"
33398,639,"CID. UNIVERSITÁRIA / METRÔ SANTANA"
33402,36,"METRÔ SANTANA / JD. FONTÁLIS"
33403,61,"METRÔ TUCURUVI / JD. FILHOS DA TERRA"
33405,56,"MANDAQUI / CEM. PQ. DOS PINHEIROS"
33406,34,"SHOP. CENTER NORTE / VL. ALBERTINA"
33411,29,"METRÔ SANTANA / VL. NOVA GALVÃO"
33412,94,"METRÔ SANTANA / CACHOEIRA"
33417,79,"METRÔ SANTANA / VL. ALBERTINA"
33418,53,"METRÔ SANTANA / VL. MARIETA"
33421,44,"METRÔ SANTANA / JD. FONTÁLIS"
33425,94,"CID. UNIVERSITÁRIA / METRÔ SANTANA"
33426,128,"SHOP. D / JD. PRIMAVERA"
33427,496,"PÇA. DO CORREIO / VL. SABRINA"
33429,304,"TERM. PRINC. ISABEL / PQ. EDÚ CHAVES"
33432,159,"METRÔ BELÉM / SHOP. CENTER NORTE"
33434,134,"METRÔ CARANDIRU / VL. SABRINA"
33439,440,"TERM. AMARAL GURGEL / VL. SABRINA"
33440,137,"METRÔ SANTANA / VL. CONSTANÇA"
33441,323,"MUSEU DO IPIRANGA / VL. SABRINA"
33443,816,"ANA ROSA / METRÔ SANTANA"
33448,206,"METRÔ BARRA FUNDA / JD. FONTÁLIS"
33450,85,"TERM. PRINC. ISABEL / PQ. VL. MARIA"
33451,125,"METRÔ BELÉM      / CENTER NORTE"
33452,70,"METRÔ SANTANA / PQ. NOVO MUNDO"
33455,117,"TERM. VL. CARRÃO / JAÇANÃ"
33457,489,"METRÔ VL. MADALENA / PQ. EDÚ CHAVES"
33459,124,"METRÔ TUCURUVI / PQ. NOVO MUNDO"
33460,427,"LIBERDADE / VL. MEDEIROS"
33461,285,"LIBERDADE / PQ. EDÚ CHAVES"
33462,393,"PÇA. DO CORREIO / PQ. EDÚ CHAVES"
33468,333,"PÇA. DO CORREIO / JD. BRASIL"
33470,177,"METRÔ SANTANA / TERM. PENHA"
33472,182,"LUZ / CANGAÍBA"
33473,36,"PQ. D. PEDRO II / PQ. NOVO MUNDO"
33474,92,"PENHA   / METRÔ SANTANA"
33475,24,"TERM. CACHOEIRINHA / JD. STA. CRUZ"
33476,403,"PÇA. DO CORREIO / TERM. CACHOEIRINHA"
33477,75,"SHOP. CENTER NORTE / JD. DAMASCENO"
33479,484,"TERM. BANDEIRA / TERM. PQ. D. PEDRO II"
33481,502,"PÇA. DA SÉ / TERM. VL. CARRÃO"
33482,423,"PÇA. DA SÉ / PÇA. SILVIO ROMERO"
33486,715,"TERM. PQ. D. PEDRO II / TERM. SÃO MATEUS"
33488,105,"CIRCULAR / TERM. VL. CARRÃO"
33502,418,"TERM. PQ. D. PEDRO II / SÃO MATEUS"
33506,372,"TERM. PQ. D. PEDRO II / SÃO MATEUS"
33514,361,"TERM. PQ. D. PEDRO II / VL. DALILA"
33515,64,"TERM. PENHA / TERM. SÃO MATEUS"
33516,133,"METRÔ BRESSER / CID. TIRADENTES"
33534,690,"CARDOSO DE ALMEIDA / MACHADO DE ASSIS"
33535,107,"PÇA. DA REPÚBLICA / STA. MARGARIDA MARIA"
33536,94,"PÇA. DA REPÚBLICA / GENTIL DE MOURA"
33538,549,"PAULISTA / PARAISÓPOLIS"
33539,372,"BROOKLIN NOVO / REAL PQ."
33540,129,"HOSP. DAS CLÍNICAS / JD. ROSA MARIA"
33543,249,"PINHEIROS / PQ. ARARIBA"
33544,212,"PINHEIROS / PARAISÓPOLIS"
33548,238,"SHOP. MORUMBI / JD. INGÁ"
33549,78,"STO. AMARO / JD. INGÁ"
33550,49,"SHOP. SP MARKET / CAMPO LIMPO"
33551,112,"STO. AMARO / JD. TABOÃO"
33553,145,"STO. AMARO / JD. JAQUELINE"
33555,126,"CAMPO BELO / PARAISÓPOLIS"
33556,156,"STO. AMARO / PARAISÓPOLIS"
33558,63,"STO. AMARO / REAL PQ."
33560,73,"HOSP. CAMPO LIMPO / JD. REBOUÇAS"
33561,44,"E.T. Água Espraiada / JD. PAULO VI"
33564,142,"HOSP. DAS CLÍNICAS / JD. DAS PALMAS"
33565,82,"LAPA / PQ. CONTINENTAL"
33566,119,"LAPA / PERUS"
33568,43,"LAPA / TERM. JD. BRITANIA"
33569,24,"PERUS / MORRO DOCE"
33571,52,"JD. PRIMAVERA / CPTM VL. AURORA"
33573,134,"TERM. CACHOEIRINHA / PERUS"
33575,138,"CEM. VL. NOVA CACHOEIRINHA / PIRITUBA"
33576,50,"TERM. PIRITUBA / RECANTO DOS HUMILDES"
33577,130,"LAPA / CAPELA DA LAGOA "
33578,280,"BOM RETIRO / JD. ELISA MARIA"
33581,68,"METRÔ BARRA FUNDA / JD. VISTA ALEGRE"
33585,265,"METRÔ SANTANA / JD. ALMANARA"
33595,47,"METRÔ BARRA FUNDA / JD. DOS FRANCOS"
33596,147,"METRÔ BARRA FUNDA / VL. TEREZINHA"
33597,77,"METRÔ BARRA FUNDA / JD. PAULISTANO"
33599,155,"SHOP. CENTER NORTE / CEM. DO HORTO"
33600,141,"METRÔ SANTANA / VL. ROSA"
33601,52,"TERM. PIRITUBA / COHAB BRASILÂNDIA"
33609,232,"LAPA / LAUZANE PAULISTA"
33610,415,"CORREIO / PQ. VL. MARIA"
33611,168,"LAPA / JD. PERY ALTO"
33613,168,"CARANDIRU / JOVA RURAL"
33614,198,"TIETÊ / JOVA RURAL"
33615,90,"SHOP. CENTER NORTE / JD. FONTÁLIS"
33617,107,"METRÔ TUCURUVI / JD. SÃO JOÃO"
33619,108,"METRÔ TUCURUVI / JD. JOANA D'ARC"
33624,104,"TATUAPÉ / JD. BRASIL"
33625,201,"METRÔ TATUAPÉ / JD. TREMEMBÉ"
33626,116,"METRÔ BELÉM / VL. ZILDA"
33627,91,"METRÔ BELÉM / JAÇANÃ"
33628,251,"MOOCA / CEM. PQ. DOS PINHEIROS"
33629,104,"METRÔ TATUAPÉ / PQ. NOVO MUNDO"
33630,86,"METRÔ BELÉM / VL. CONSTANÇA"
33631,155,"CANTAREIRA / JD. GUANCÃ"
33632,182,"METRÔ TUCURUVI / JD. MARINA"
33633,67,"SANTANA / CENTER NORTE"
33635,297,"PINHEIROS / METRÔ BARRA FUNDA"
33636,72,"METRÔ JD. SÃO PAULO / VL. AMÉLIA"
33637,66,"TERM. PARADA INGLESA / JD. HEBRON"
33638,50,"TERM. CACHOEIRINHA / JD. PERY ALTO"
33639,64,"TERM. CACHOEIRINHA / JD. ELISA MARIA"
33640,76,"TERM. CACHOEIRINHA / JD. PRINCESA"
33642,44,"TERM. CACHOEIRINHA / VL. PENTEADO"
33643,51,"TERM. CACHOEIRINHA / PQ. DE TAIPAS"
33645,38,"TERM. CACHOEIRINHA / COHAB BRASILÂNDIA"
33646,67,"TERM. CACHOEIRINHA / CPTM JARAGUÁ"
33648,51,"TERM. CACHOEIRINHA / JD. DAMASCENO"
33651,118,"LAPA / JD. PAULISTANO"
33652,85,"TERM. CASA VERDE / PQ. TIETÊ"
33653,148,"LAPA / VL. TEREZINHA"
33656,61,"METRÔ BARRA FUNDA / JD. TEREZA"
33657,62,"METRÔ BARRA FUNDA / JD. GUARANI"
33660,29,"CPTM GUAIANAZES / JD. NSA. SRA. DO CAMINHO"
33661,57,"SÃO MIGUEL / JD. ROMANO"
33663,31,"CPTM ITAIM PAULISTA / CID. KEMEL I"
33664,36,"CPTM ITAIM PAULISTA / CID. KEMEL II"
33665,36,"CPTM ITAIM PAULISTA / JD. NSA. SRA. DO CAMINHO"
33666,38,"CPTM GUAIANAZES / JD. ROBRU"
33667,57,"CACHOEIRINHA / COHAB ANTÁRTICA"
33668,129,"METRÔ BARRA FUNDA / JD. PERY ALTO"
33670,56,"SÃO MIGUEL / JD. DAS OLIVEIRAS"
33671,48,"SÃO MIGUEL / JD. ROBRU"
33672,25,"SÃO MIGUEL / JD. CAMPOS"
33673,151,"SHOP. PENHA / PQ. PAINEIRAS"
33674,32,"CPTM GUAIANAZES / JD. BANDEIRANTES"
33675,299,"ITAIM PAULISTA / VL. CALIFÓRNIA"
33677,19,"CPTM GUAIANAZES / DIV. DE FERRAZ"
33678,37,"CPTM GUAIANAZES / HOSP. ITAIM"
33679,100,"SHOP. PENHA / BURGO PAULISTA"
33680,303,"PQ. D. PEDRO II / UNIÃO DE VL. NOVA"
33682,57,"METRÔ ARTUR ALVIM / VL. AMERICANA"
33683,91,"METRÔ ITAQUERA / JD. ETELVINA"
33684,42,"METRÔ ITAQUERA / JD. ROBRU"
33685,93,"METRÔ ITAQUERA / JD. FANGANIELO"
33686,88,"METRÔ VL. MATILDE / CEM. DA SAUDADE"
33687,101,"METRÔ ITAQUERA / CHABILÂNDIA"
33689,48,"METRÔ ITAQUERA / JD. LAJEADO"
33690,59,"VL. UNIÃO / METRÔ PATRIARCA"
33692,63,"BURGO PAULISTA / METRÔ PATRIARCA"
33693,45,"METRÔ PATRIARCA / PONTE RASA"
33694,61,"SHOP. METRÔ ITAQUERA / JD. SÃO NICOLAU"
33695,63,"VL. RUI BARBOSA / METRÔ VL. MATILDE"
33696,52,"METRÔ PATRIARCA / VL. SÍLVIA"
33697,79,"METRÔ PENHA / CHÁC. CRUZ. DO SUL"
33698,47,"CANGAÍBA / METRÔ GUILHERMINA/ESPERANÇA"
33699,62,"METRÔ PENHA / VL. SÍLVIA"
33700,48,"METRÔ VL. MATILDE / ERMELINO MATARAZZO"
33701,62,"METRÔ GUILHERMINA/ESPERANÇA / JD. BELÉM"
33702,43,"METRÔ ITAQUERA / JD. NAZARÉ"
33703,59,"METRÔ GUILHERMINA/ESPERANÇA / JD. VERONIA"
33705,28,"METRÔ ITAQUERA / UNIÃO DE VL. NOVA"
33706,55,"CONJ. ARAUCÁRIA / METRÔ ARTUR ALVIM"
33707,74,"JD. SÃO CARLOS / METRÔ ARTUR ALVIM"
33708,94,"METRÔ PENHA / LIMOEIRO"
33710,58,"CONJ. A. E. CARVALHO / METRÔ ARTUR ALVIM"
33711,34,"METRÔ PENHA / JD. DO CASTELO"
33713,68,"METRÔ ARTUR ALVIM / VL. JACUI"
33714,40,"METRÔ ITAQUERA / VL. PROGRESSO"
33715,37,"VL. REGINA / METRÔ ARTUR ALVIM"
33716,46,"METRÔ ITAQUERA / PQ. GUARANI"
33722,13,"METALÚRGICOS / TERM. CID. TIRADENTES"
33725,13,"VL. PAULISTA I / TERM. CID. TIRADENTES"
33726,165,"SHOP. ARICANDUVA / COHAB JOSÉ BONIFÁCIO "
33728,80,"PQ. SÃO RAFAEL / SHOP. ARICANDUVA"
33729,50,"CPTM GUAIANAZES / JD. WILMA FLOR"
33730,47,"CPTM GUAIANAZES / VL. IOLANDA II"
33731,163,"SHOP. ARICANDUVA / VL. MINERVA"
33734,156,"METRÔ TATUAPÉ / JD. DAS ROSAS"
33735,87,"METRÔ ITAQUERA / JD. ALTO PAULISTANO"
33736,83,"SÃO MATEUS / GUAIANAZES"
33739,171,"METRÔ TATUAPÉ / VL. GUARANI"
33741,173,"METRÔ BELÉM / JD. ITÁPOLIS"
33743,61,"HOSP. SAPOPEMBA / JD. PALANQUE"
33748,31,"CPTM GUAIANAZES / CID. TIRADENTES"
33752,38,"TERM. SÃO MATEUS / JD. RECANTO VERDE SOL"
33758,45,"SÃO MIGUEL PAULISTA / TERM. CID. TIRADENTES"
33761,172,"METRÔ TAMANDUATEÍ / SHOP. ARICANDUVA"
33763,424,"PÇA. JOÃO MENDES / JD. VL. FORMOSA"
33770,164,"PENHA / JD. MARÍLIA"
33771,38,"E.T. ITAQUERA / COHAB PRES. JUSCELINO KUBITSCHECK"
33777,87,"METRÔ ITAQUERA / JD. SÃO JOÃO"
33781,59,"NOVA AMERICA / METRÔ ARTUR ALVIM"
33783,60,"METRÔ BRESSER / UNIV. SÃO JUDAS TADEU"
33784,131,"METRÔ TATUAPÉ / VL. STA. ISABEL"
33787,108,"METRÔ ARTUR ALVIM / SHOP. ARICANDUVA"
33788,140,"METRÔ PENHA / COHAB JOSÉ BONIFÁCIO"
33790,59,"VL. DALILA / METRÔ VL. MATILDE"
33793,75,"PQ. SAVOY CITY / METRÔ ARTUR ALVIM"
33794,127,"METRÔ CARRÃO / SHOP. ARICANDUVA"
33795,1,"METRÔ ITAQUERA / JD. LIMOEIRO"
33796,109,"METRÔ VL. MATILDE / SHOP. ARICANDUVA"
33797,23,"METRÔ ITAQUERA / CPTM JOSÉ BONIFÁCIO"
33802,53,"METRÔ ARTUR ALVIM / CID. LIDER"
33803,64,"JD. SÃO JOÃO  / METRÔ ARTUR ALVIM"
33804,65,"METRÔ ARTUR ALVIM / JD. NSA. SRA. DO CARMO"
33805,108,"METRÔ GUILHERMINA/ESPERANÇA / SHOP. ARICANDUVA"
33806,56,"METRÔ ITAQUERA / COHAB JUSCELINO"
33807,60,"METRÔ ITAQUERA / RECANTO VERDE SOL"
33809,47,"METRÔ ITAQUERA / CPTM D. BOSCO"
33810,21,"METRÔ ITAQUERA / JD. LARANJEIRA"
33811,11,"METRÔ ITAQUERA / SÃO MATEUS"
33812,128,"TATUAPÉ / JD. IMPERADOR"
33815,31,"METRÔ ITAQUERA / COHAB PRESTES MAIA"
33817,40,"METRÔ ITAQUERA / INÁCIO MONTEIRO"
33818,51,"METRÔ ITAQUERA  / BARRO BRANCO"
33819,146,"METRÔ CARRÃO / 3A. DIVISÃO"
33821,125,"METRÔ TATUAPÉ / JD. IVA"
33822,95,"METRÔ TATUAPÉ / TERM. VL. CARRÃO"
33823,19,"METRÔ ITAQUERA / COHAB II"
33824,10,"CPTM JOSÉ BONIFÁCIO / VL. YOLANDA"
33827,73,"METRÔ CARRÃO / RES. STA. BÁRBARA"
33830,64,"METRÔ CARRÃO / JD. STA. TEREZINHA"
33831,40,"METRÔ ITAQUERA / COHAB BARRO BRANCO"
33835,27,"METRÔ ITAQUERA / CID. TIRADENTES"
33837,105,"METRÔ ARTUR ALVIM / SHOP. ARICANDUVA"
33841,58,"METRÔ ITAQUERA / JD. SÃO CARLOS"
33842,20,"METRÔ ITAQUERA / GLEBA DO PESSEGO"
33846,73,"SHOP. ARICANDUVA / JD. SÃO FRANCISCO"
33847,43,"JD. DA CONQUISTA / HOSP. SÃO MATEUS"
33848,209,"METRÔ BELÉM / VL. INDUSTRIAL"
33852,383,"TERM. PQ. D. PEDRO II / JD. COLORADO"
33859,171,"METRÔ BRESSER / JD. ITÁPOLIS"
33863,178,"METRÔ TATUAPÉ / VL. CALIFÓRNIA"
33865,40,"JD. STO. ANDRÉ / HOSP. SÃO MATEUS"
33866,34,"DIV. DE MAUÁ / HOSP. SÃO MATEUS"
33867,36,"VL. PRUDENTE / SÃO MATEUS"
33868,70,"SHOP. ARICANDUVA / FAZENDA DA JUTA"
33869,87,"METRÔ TAMANDUATEÍ / PQ. STA. MADALENA"
33870,185,"OBJETIVO UNIP / VL. DAS MERCÊS"
33871,47,"NOVA CONQUISTA / JD. GUAIRACÁ"
33873,111,"TERM. NORTE METRÔ CARRÃO / VL. INDUSTRIAL"
33874,171,"METRÔ STA. CRUZ / SACOMÃ"
33876,86,"METRÔ BELÉM / PQ. BANCÁRIO"
33877,74,"METRÔ SAÚDE / VL. MORAES"
33878,42,"METRÔ CARRÃO / JD. VERA CRUZ "
33879,210,"IBIRAPUERA / JD. ELBA"
33882,242,"STO. AMARO / JABAQUARA"
33883,146,"STO. AMARO / ELDORADO"
33884,117,"JABAQUARA / VL. GUACURI"
33885,164,"STO. AMARO / JD. LUSO"
33887,85,"METRÔ JABAQUARA / JD. SÃO JORGE"
33888,78,"JABAQUARA / VL. STA. MARGARIDA"
33890,118,"STO. AMARO / MISSIONÁRIA"
33893,83,"HOSP. SÃO PAULO / JD. MIRIAM"
33895,35,"CPTM JURUBATUBA / VL. GUACURI"
33896,53,"METRÔ CONCEIÇÃO / JD. APURÁ"
33897,231,"E.T. ÁGUA ESPRAIADA / JD. SELMA"
33899,71,"STO. AMARO / JD. APURÁ"
33901,107,"STO. AMARO / JD. SELMA"
33904,238,"SHOP. MORUMBI / METRÔ CONCEIÇÃO"
33905,72,"METRÔ JABAQUARA / REFÚGIO STA. TEREZINHA"
33906,143,"METRÔ CONCEIÇÃO / PQ. PRIMAVERA"
33908,151,"TERM. STO. AMARO / TERM. PARELHEIROS"
33910,123,"TERM. STO. AMARO / UNISA-CAMPUS 1"
33911,36,"TERM. VARGINHA / JD. ITAJAÍ"
33912,34,"TERM. VARGINHA / JD. SETE DE SETEMBRO"
33913,57,"TERM. GRAJAÚ / JD. ELLUS"
33914,103,"SHOP. INTERLAGOS / JD. SÃO BERNARDO"
33915,93,"TERM. GRAJAÚ / PQ. STA. CECÍLIA"
33916,51,"TERM. GRAJAÚ / VL. NATAL"
33917,22,"TERM. VARGINHA / JD. NORONHA"
33918,79,"TERM. GRAJAÚ / JD. MARILDA"
33919,139,"TERM. GRAJAÚ / JD. CASTRO ALVES"
33920,33,"TERM. VARGINHA / JD. VARGINHA"
33922,36,"TERM. STO. AMARO / JD. SÃO BERNARDO"
33924,163,"TERM. STO. AMARO / JD. ORION"
33927,19,"TERM. VARGINHA / PQ. FLORESTAL"
33928,15,"TERM. VARGINHA / JD. STA. TEREZINHA"
33929,16,"CPTM JURUBATUBA / JD. GAIVOTAS"
33930,16,"TERM. VARGINHA / JD. REC. CAMPO BELO"
33933,171,"TERM. STO. AMARO / JD. PROGRESSO"
33934,16,"SHOP. INTERLAGOS / CANTINHO DO CÉU"
33935,70,"TERM. GRAJAÚ / ILHA DO BORORÉ"
33936,49,"SHOP. INTERLAGOS / JD. LUCÉLIA"
33937,26,"TERM. VARGINHA / JD. CHÁC. DO SOL"
33939,13,"TERM. VARGINHA / MARSILAC"
33943,49,"TERM. STO. AMARO / VARGEM GRANDE"
33945,69,"TERM. GRAJAÚ / JD. DAS PEDRAS"
33948,1,"TERM. PARELHEIROS / JD. ORIENTAL/FONTES"
33952,70,"AEROPORTO / CONJ. HAB. PALMARES"
33953,2,"TERM. GRAJAÚ / CANTINHO DO CÉU"
33954,16,"TERM. GRAJAÚ / JD. PRAINHA"
33956,109,"TERM. STO. AMARO / JD. ICARAÍ"
33957,28,"TERM. GRAJAÚ / JD. LUCÉLIA"
33961,37,"TERM. GRAJAÚ / JD. GAIVOTAS"
33964,56,"TERM. STO. AMARO / JD. HERPLIN"
33966,125,"METRÔ VL. MARIANA / TERM. PARELHEIROS"
33968,137,"TERM. STO. AMARO / JD. PLANALTO"
33970,128,"TERM. GUARAPIRANGA / CHÁC. STA. MARIA"
33972,114,"STO. AMARO / PQ. INDEPENDÊNCIA"
33973,57,"STO. AMARO / VL. CALÚ"
33974,60,"STO. AMARO / JD. NAKAMURA"
33975,60,"STO. AMARO / PQ. CEREJEIRA"
33979,66,"TERM. STO. AMARO / RIVIERA"
33981,95,"STO. AMARO / VL. GILDA"
33982,231,"STO. AMARO / JD. MACEDÔNIA"
33983,141,"STO. AMARO / JD. MITSUTANI"
33984,94,"STO. AMARO / JD. DAS ROSAS"
33985,78,"STO. AMARO / VALO VELHO"
33986,163,"STO. AMARO / JD. JANGADEIRO"
33987,121,"STO. AMARO / JD. TRÊS ESTRELAS"
33988,120,"TERM. STO. AMARO / JD. CAPELINHA"
33989,65,"TERM. STO. AMARO / JD. D. JOSÉ"
33990,95,"STO. AMARO / VALO VELHO"
33991,77,"STO. AMARO / JD. SÃO BENTO NOVO"
33992,125,"STO. AMARO / JD. LÍDIA"
33993,79,"TERM. GRAJAÚ / PQ. COCAIA"
33994,287,"STO. AMARO / JD. UNIVERSAL"
34000,96,"TERM. STO. AMARO / JD. SÃO FRANCISCO"
34007,77,"ITAIM BIBI / TERM. JD. ÂNGELA"
34008,79,"MORUMBI SHOP. / JD. GUARUJÁ"
34010,61,"STO. AMARO / JD. CAPELA"
34014,213,"SHOP. ARICANDUVA / HOSP. IPIRANGA"
34016,84,"LAPA / METRÔ BARRA FUNDA"
34019,131,"TERM. LAPA / VL. PIAUÍ"
34020,84,"TERM. LAPA / TERM. PIRITUBA"
34021,103,"TERM. LAPA / REMÉDIOS"
34022,90,"TERM. LAPA / STA. MÔNICA"
34024,61,"TERM. PIRITUBA / JD. DONÁRIA"
34025,15,"TERM. PIRITUBA / HAB. TURÍSTICA"
34026,22,"TERM. PIRITUBA / STA. MÔNICA"
34027,67,"TERM. PIRITUBA / CID. D'ABRIL 3ª GLEBA"
34029,67,"TERM. PIRITUBA / CPTM VL. AURORA"
34030,71,"TERM. LAPA / TERM. PIRITUBA"
34031,48,"TERM. LAPA / TERM. PIRITUBA"
34033,336,"PÇA. RAMOS DE AZEVEDO / TERM. PIRITUBA"
34035,64,"METRÔ BARRA FUNDA / TERM. PIRITUBA"
34036,105,"TERM. LAPA / ITABERABA"
34037,50,"TERM. PIRITUBA / VL. ZATT"
34039,39,"TERM. PIRITUBA / VL. MIRANTE"
34043,256,"METRÔ STA. CRUZ / CPTM AUTÓDROMO"
34045,482,"TERM. PRINC. ISABEL / JD. MIRIAM"
34048,719,"LGO. SÃO FRANCISCO / JD. SELMA"
34049,243,"TERM. GUARAPIRANGA / JD. MIRIAM"
34050,547,"PQ. D. PEDRO II / CID. ADEMAR"
34051,201,"PQ. IBIRAPUERA / VL. STA. CATARINA"
34053,128,"TERM. STO. AMARO / JD. LUSO"
34055,95,"METRÔ CONCEIÇÃO / VL. MISSIONÁRIA"
34056,119,"METRÔ CONCEIÇÃO / CID. JÚLIA"
34058,163,"TERM. STO. AMARO / METRÔ JABAQUARA"
34059,126,"METRÔ ANA ROSA / JD. MIRIAM"
34061,198,"PQ. IBIRAPUERA / JD. MIRIAM"
34062,354,"TERM. BANDEIRA / JD. LUSO"
34064,359,"PQ. IBIRAPUERA / JD. MIRIAM"
34076,342,"TERM. PQ. D. PEDRO II / TERM. GUARAPIRANGA"
34077,69,"STO. AMARO / VALO VELHO"
34083,121,"PINHEIROS / VALO VELHO"
34084,172,"TERM. PINHEIROS / COHAB ADVENTISTA"
34085,407,"TERM. BANDEIRA / JD. VAZ DE LIMA"
34086,40,"METRÔ SÃO JUDAS / PQ. STO. ANTONIO"
34090,90,"METRÔ VL. MARIANA / TERM. CAPELINHA"
34098,355,"TERM. PQ. D. PEDRO II / CID. UNIVERSITÁRIA"
34100,367,"TERM. PRINC. ISABEL / CID. UNIVERSITÁRIA"
34101,487,"PÇA. RAMOS DE AZEVEDO / MERCADO DA LAPA"
34102,104,"PÇA. RAMOS DE AZEVEDO / LAPA"
34105,144,"HOSP. DAS CLÍNICAS / LAPA"
34107,37,"TERM. PQ. D. PEDRO II / PQ. DA LAPA"
34108,159,"METRÔ VL. MARIANA / TERM. LAPA"
34109,87,"METRÔ ANA ROSA / METRÔ BARRA FUNDA"
34110,20,"JAGUARÉ / CITY JARAGUÁ"
34113,49,"TERM. PIRITUBA / CEM. DE PERUS"
34114,59,"TERM. PIRITUBA / JD. RINCÃO"
34127,282,"PÇA. DO CORREIO / FREGUESIA DO Ó"
34128,379,"PÇA. DO CORREIO / BRASILÂNDIA"
34132,101,"METRÔ BARRA FUNDA / PENTEADO"
34133,109,"TERM. CASA VERDE / VL. PENTEADO"
34134,69,"METRÔ ANA ROSA / MORRO GRANDE"
34136,45,"LAPA / TERM. CACHOEIRINHA"
34137,33,"METRÔ BARRA FUNDA / TERM. CACHOEIRINHA"
34138,325,"TERM. PQ. D. PEDRO II / TERM. PINHEIROS"
34139,552,"TERM. BANDEIRA / CEASA"
34140,169,"TERM. PRINC. ISABEL / TERM. PINHEIROS"
34144,11,"PÇA. DA SÉ / CID. UNIVERSITÁRIA"
34149,90,"METRÔ PARAÍSO / VL. ANASTÁCIO"
34171,109,"METRÔ SANTANA / CEM. PQ. DOS PINHEIROS"
34191,51,"METRÔ BARRA FUNDA / VL. ZATT"
34193,93,"TERM. LAPA / MORRO GRANDE"
34195,399,"PÇA. RAMOS DE AZEVEDO / APIACÁS"
34196,133,"SOCORRO / LAPA"
34200,360,"LGO. DO PAISSANDÚ / TERM. PIRITUBA"
34201,47,"TERM. PIRITUBA / JD. PAULISTANO"
34202,44,"TERM. PIRITUBA / VL. MIRANTE"
34205,48,"TERM. PIRITUBA / PQ. DE TAIPAS"
34209,62,"METRÔ JABAQUARA / TERM. VARGINHA"
34210,637,"LGO. SÃO FRANCISCO / TERM. VARGINHA"
34211,73,"TERM. STO. AMARO / TERM. VARGINHA"
34218,22,"TERM. BANDEIRA / TERM. GUARAPIRANGA"
34233,435,"TERM. BANDEIRA / TERM. VARGINHA"
34237,50,"METRÔ PENHA / JD. DANFER"
34238,50,"CPTM GUAIANAZES / CPTM JD. ROMANO"
34239,77,"PENHA / JD. VL. NOVA"
34240,69,"TERM. VARGINHA / TERM. GRAJAÚ"
34246,99,"METRÔ STA. CRUZ / TERM. STO. AMARO"
34258,38,"JD. ALFREDO / TERM. GUARAPIRANGA"
34260,157,"JABAQUARA / SHOP. INTERLAGOS"
34273,101,"TERM. STO. AMARO / TERM. GRAJAÚ"
34283,311,"PÇA. JOÃO MENDES / ELDORADO"
34291,85,"METRÔ SÃO JUDAS / JD. UBIRAJARA"
34313,13,"TERM. VARGINHA / JD. STA. FÉ"
34332,66,"METRÔ TAMANDUATEÍ / JD. GUAIRACÁ"
34353,62,"TERM. GRAJAÚ / VARGEM GRANDE"
34355,57,"TERM. GRAJAÚ / DIVISA DE EMBU-GUAÇU"
34356,22,"TERM. VARGINHA / JD. SÃO NICOLAU"
34380,32,"METRÔ ITAQUERA / CID. TIRADENTES"
34386,275,"TERM. PQ. D. PEDRO II / TERM. SÃO MIGUEL"
34387,100,"TERM. SÃO MATEUS / TERM. SÃO MIGUEL"
34391,14,"METRÔ BELÉM / TERM. SAPOPEMBA"
34393,12,"PÇA. DO CORREIO / TERM. SAPOPEMBA"
34394,253,"TERM. PQ. D. PEDRO II / TERM. SAPOPEMBA"
34395,203,"TERM. PRINC. ISABEL / TERM. SAPOPEMBA"
34396,400,"TERM. PQ. D. PEDRO II / TERM. SAPOPEMBA"
34397,46,"METRÔ BELÉM / JD. WALKIRIA"
34398,102,"METRÔ BRESSER / HOSP. SAPOPEMBA"
34399,81,"SHOP. ARICANDUVA / MASCARENHAS DE MORAIS"
34400,72,"METRÔ CARRÃO / TERM. SAPOPEMBA"
34402,93,"METRÔ ALTO DO IPIRANGA / CONJ. HAB. HELIÓPOLIS"
34403,34,"JD. SÃO ROBERTO / CONJ. TEOTÔNIO VILELA"
34404,35,"TERM. SAPOPEMBA / JD. ESTER"
34405,75,"VL. ALPINA / METRÔ BRESSER"
34406,110,"SHOP. METRÔ TATUAPÉ / DIV. SÃO CAETANO"
34407,34,"DIV. DE SÃO CAETANO / SÃO MATEUS"
34409,154,"PÇA. ALMEIDA JR. / TERM. SAPOPEMBA"
34414,71,"MOEMA / TERM. SACOMÃ"
34415,35,"METRÔ ITAQUERA / JD. SANTANA"
34418,25,"TERM. SÃO MIGUEL / ITAIM PAULISTA"
34419,382,"TERM. MERCADO / TERM. SACOMÃ"
34423,140,"PQ. BELÉM / TERM. SACOMÃ"
34425,149,"METRÔ VERGUEIRO / TERM. SACOMÃ"
34427,281,"PÇA. DO CORREIO / TERM. SACOMÃ"
34429,40,"TERM. SACOMÃ / PQ. BRISTOL"
34430,66,"TERM. SACOMÃ / VL. ARAPUÁ"
34431,66,"TERM. SACOMÃ / VL. LIVIERO"
34433,15,"TERM. SACOMÃ / VL. BRASILINA"
34434,67,"TERM. SACOMÃ / JD. CELESTE"
34435,44,"TERM. SACOMÃ / ÁGUA FUNDA"
34436,42,"TERM. SACOMÃ / VL. ARAPUÁ"
34437,61,"TERM. SACOMÃ / JD. MARIA ESTELA"
34438,46,"TERM. SACOMÃ / HOSP. HELIÓPOLIS"
34439,47,"JD. ITÁPOLIS / TERM. SACOMÃ"
34440,48,"TERM. SACOMÃ / JD. PATENTE"
34443,294,"TERM. PQ. D. PEDRO II / JD. CELESTE"
34448,124,"METRÔ TATUAPÉ / MOOCA"
34453,120,"TERM. VL. CARRÃO / METRÔ CONCEIÇÃO"
34454,50,"VL. MATIAS / IPIRANGA"
34463,59,"METRÔ SANTANA / TERM. CACHOEIRINHA"
34483,114,"METRÔ TATUAPÉ / PQ. SÃO LUCAS"
34490,19,"JD. ÂNGELA / VL. GILDA"
34494,72,"SHOP. MORUMBI / BUTANTÃ"
34498,8,"TERM. STO. AMARO / TERM. JD. ÂNGELA"
34501,71,"TERM. GRAJAÚ / JD. ELIANA"
34514,48,"TERM. SACOMÃ / VL. ARAPUÁ"
34527,282,"E.T. ÁGUA ESPRAIADA / METRÔ CONCEIÇÃO"
34528,47,"METRÔ ITAQUERA / JD. CAMPOS"
34550,84,"METRÔ TUCURUVI / JD. CABUÇU"
34557,16,"METRÔ SANTANA / JD. CABUÇU"
34560,11,"METRÔ SANTANA / PEDRA BRANCA"
34565,22,"CPTM VL. MARA/ITAIM / JD. SÃO MARTINHO"
34566,30,"CPTM VL. MARA/ITAIM / JD. SÃO MARTINHO"
34576,37,"SÃO MIGUEL / JD. MABEL"
34584,74,"METRÔ SANTANA / VL. AURORA"
34619,264,"TERM. MERCADO / TERM. VL. PRUDENTE"
34633,28,"CPTM GUAIANAZES / JD. FANGANIELO"
34644,10,"SETOR IIB / TERM. CID. TIRADENTES"
34650,284,"TERM. PQ. D. PEDRO II / TERM. PENHA"
34652,24,"TERM. CAMPO LIMPO / JD. DAS ROSAS"
34653,33,"TERM. CAMPO LIMPO / JD. ROSANA"
34654,35,"TERM. CAMPO LIMPO / JD. HELGA"
34655,36,"TERM. CAMPO LIMPO / JD. MACEDÔNIA"
34656,17,"TERM. CAMPO LIMPO / JD. GUARUJÁ"
34657,15,"TERM. CAMPO LIMPO / VALO VELHO"
34659,8,"TERM. PINHEIROS / TERM. CAMPO LIMPO"
34660,137,"ACLIMAÇÃO / TERM. CAMPO LIMPO"
34665,22,"TERM. CAMPO LIMPO / JD. MITSUTANI"
34666,61,"TERM. CAMPO LIMPO / INOCOOP CAMPO LIMPO"
34667,23,"TERM. CAMPO LIMPO / JD. MACEDÔNIA"
34668,54,"TERM. STO. AMARO / TERM. CAMPO LIMPO"
34669,166,"METRÔ CONCEIÇÃO / TERM. CAMPO LIMPO"
34680,48,"TERM. CAMPO LIMPO / PQ. DO LAGO"
34684,82,"SHOP. MORUMBI / TERM. CAMPO LIMPO"
34685,402,"TERM. BANDEIRA / TERM. CAMPO LIMPO"
34689,35,"METRÔ PENHA / JD. KERALUX"
34692,29,"TERM. CAMPO LIMPO / PQ. DO ENGENHO"
34693,62,"METRÔ STA. CRUZ / TERM. CAMPO LIMPO"
34694,83,"PARAÍSO / TERM. CAMPO LIMPO"
34717,140,"LAPA / CAMPO LIMPO"
34719,3,"JD. ÂNGELA / JD. SÃO LOURENÇO"
34720,8,"JD. ÂNGELA / JD. DOS REIS"
34733,102,"METRÔ ITAQUERA / CPTM ERMELINO MATARAZZO"
34745,280,"ITAIM BIBI / JD. MIRIAM"
34747,52,"HOSP. PEDREIRA / CID. DUTRA"
34757,60,"TERM. JOÃO DIAS / JD. MARACÁ"
34758,83,"METRÔ PÇA. DA ÁRVORE / JD. ÂNGELA"
34760,31,"EST. STO. AMARO/GUIDO CALOI / TERM. JD. JACIRA"
34761,21,"TERM. PINHEIROS / EST. STO. AMARO/GUIDO CALOI"
34763,26,"JD. ÂNGELA / JD. HORIZONTE AZUL"
34766,26,"JD. ÂNGELA / JD. VERA CRUZ"
34788,21,"ITAIM BIBI / TERM. GUARAPIRANGA"
34789,144,"METRÔ ARMÊNIA / SHOP. MORUMBI"
34791,48,"CID. UNIVERSITÁRIA / METRÔ BUTANTÃ"
34804,417,"E.T. ÁGUA ESPRAIADA / TERM. GRAJAÚ"
34811,28,"TERM. GUARAPIRANGA / PQ. DO LAGO"
34812,90,"METRÔ BUTANTÃ / TERM. CAMPO LIMPO"
34818,5,"METRÔ BUTANTÃ / JD. JOÃO XXIII"
34826,55,"SHOP. MORUMBI / TERM. CAMPO LIMPO"
34828,50,"VL. NHOCUNÉ / METRÔ PATRIARCA"
34831,346,"TERM. BANDEIRA / JD. PAULO VI"
34832,77,"TERM. PRINC. ISABEL / RIO PEQUENO"
34834,57,"TERM. PINHEIROS / JD. COLOMBO"
34835,76,"TERM. PINHEIROS / RIO PEQUENO"
34836,73,"TERM. PINHEIROS / COHAB EDUCANDÁRIO"
34837,91,"TERM. PINHEIROS / JD. D'ABRIL"
34838,83,"BUTANTÃ / VL. SÔNIA"
34839,27,"METRÔ BUTANTÃ / PQ. CONTINENTAL"
34840,344,"ANHANGABAÚ / SHOP. CONTINENTAL"
34841,12,"BUTANTÃ / JD. MARIA LUIZA"
34842,29,"BUTANTÃ / CDHU MUNCK"
34844,61,"BUTANTÃ / JD. ROSA MARIA"
34847,33,"BUTANTÃ / PQ. IPÊ"
34848,41,"HOSP. CAMPO LIMPO / JD. DAS PALMAS"
34849,19,"BUTANTÃ / JD. GUARAÚ"
34851,92,"BUTANTÃ / JD. INGÁ"
34852,16,"TERM. STO. AMARO / JD. CAIÇARA"
34853,63,"CID. UNIVERSITÁRIA / METRÔ BUTANTÃ"
34856,142,"ITAIM BIBI / TERM. LAPA"
34857,164,"TERM. PINHEIROS / LAPA"
34860,336,"METRÔ ANA ROSA / E.T. ÁGUA ESPRAIADA"
34861,141,"METRÔ STA. CECÍLIA / TERM. STO. AMARO"
34867,37,"STO. AMARO / PARAISÓPOLIS"
34872,147,"SHOP. D / PQ. EDU CHAVES"
34880,45,"CONJ. CHAPARRAL / METRÔ PENHA"
34882,46,"METRÔ ARTUR ALVIM / CONJ. ENCOSTA NORTE"
34883,316,"TERM. PINHEIROS / TERM. PQ. D. PEDRO II"
34884,471,"BUTANTÃ / TERM. PQ. D. PEDRO II"
34886,60,"TERM. STO. AMARO / JD. ÂNGELA"
34901,114,"METRÔ BARRA FUNDA / LIMÃO"
34903,300,"TERM. PINHEIROS / CONEXÃO VL. IÓRIO"
34904,47,"METRÔ SANTANA / VL. SABRINA"
34907,61,"SOCORRO / JD. APURÁ"
34909,118,"CONEXÃO VL. IÓRIO / PERUS"
34912,31,"CPTM GUAIANAZES / JD. SÃO PAULO"
34913,48,"METRÔ ITAQUERA / CPTM GUAIANAZES"
34914,14,"CPTM JOSÉ BONIFÁCIO / GUAIANAZES"
34920,51,"TERM. STO. AMARO / JD. NAKAMURA"
34924,7,"METRÔ ITAQUERA / COHAB FAZENDA DO CARMO"
34926,44,"E.T. ITAQUERA / COHAB FAZENDA DO CARMO"
34927,45,"E.T. ITAQUERA / INÁCIO MONTEIRO"
34928,341,"TERM. PQ. D. PEDRO II / E.T. ITAQUERA"
34935,51,"METRÔ BELÉM / TERM. SÃO MATEUS"
34936,32,"METRÔ CARRÃO / TERM. SÃO MATEUS"
34937,46,"METRÔ PENHA / TERM. CID. TIRADENTES"
34938,362,"TERM. PQ. D. PEDRO II / TERM. CID. TIRADENTES"
34939,268,"TERM. PQ. D. PEDRO II / TERM. SÃO MATEUS"
34940,351,"TERM. PQ. D. PEDRO II / JD. MARÍLIA"
34941,243,"TERM. PQ. D. PEDRO II / TERM. CID. TIRADENTES"
34942,289,"TERM. PQ. D. PEDRO II / INÁCIO MONTEIRO"
34943,268,"TERM. PQ. D. PEDRO II / TERM. VL. CARRÃO"
34944,63,"TERM. VL. CARRÃO / ITAQUERA"
34945,24,"TERM. VL. CARRÃO / GUAIANAZES"
34946,20,"BARRO BRANCO / TERM. CID. TIRADENTES"
34947,18,"BARRO BRANCO / TERM. CID. TIRADENTES"
34948,21,"CIRCULAR / JD. NOVA VITÓRIA"
34949,37,"TERM. VL. CARRÃO / COHAB JUSCELINO"
34950,55,"TERM. VL. CARRÃO / JD. CIBELE"
34951,46,"TERM. VL. CARRÃO / JD. NSA. SRA. DO CARMO"
34952,10,"TERM. SÃO MATEUS / JD. LIMOEIRO"
34953,32,"TERM. SÃO MATEUS / JD. IGUATEMI"
34954,24,"TERM. SÃO MATEUS / JD. STO. ANDRÉ"
34955,41,"TERM. VL. CARRÃO / JD. VL. CARRÃO"
34956,16,"JD. RODOLFO PIRANI / TERM. SÃO MATEUS"
34957,16,"JD. RODOLFO PIRANI / TERM. SÃO MATEUS"
34958,23,"METALÚRGICOS / VL. YOLANDA"
34959,14,"TERM. SÃO MATEUS / METALÚRGICOS"
34960,86,"TERM. PENHA / CPTM JOSÉ BONIFÁCIO"
34962,88,"LGO. DA CONCÓRDIA / SHOP. ARICANDUVA"
34964,55,"METRÔ CARRÃO / JD. NOVA VITÓRIA"
34965,35,"METRÔ ITAQUERA / JD. SÃO FRANCISCO"
34966,116,"METRÔ TATUAPÉ / JD. SOARES"
34967,28,"METRÔ GUILHERMINA/ESPERANÇA / BARRO BRANCO"
34968,58,"METRÔ TATUAPÉ / TERM. CID. TIRADENTES"
34969,37,"METRÔ BELÉM / TERM. VL. CARRÃO"
34970,38,"METRÔ ITAQUERA / JD. REDIL"
34972,62,"METRÔ CARRÃO / JD. IV CENTENÁRIO"
34974,64,"METRÔ VL. PRUDENTE / PQ. SAVOY CITY"
34976,81,"METRÔ CARRÃO / TERM. SAPOPEMBA"
34977,432,"TERM. MERCADO / TERM. SÃO MATEUS"
34979,32,"MUSEU DO IPIRANGA / SÃO MATEUS"
34983,68,"METRÔ CARRÃO / JD. STO. ANDRÉ"
34990,76,"METRÔ BRESSER / CONJ. MANOEL DA NÓBREGA"
34998,4,"CHÁC. MARIA TRINDADE / TERM. JD. BRITÂNIA"
35005,39,"TERM. SÃO MATEUS / PQ. BOA ESPERANÇA"
35010,41,"METRÔ SÃO JUDAS / AEROPORTO"
35011,29,"METRÔ - TRIANON - MASP / VL. GOMES"
35012,65,"LAPA / VL. DALVA"
35013,97,"LAPA / JD. BOA VISTA"
35014,31,"LAPA / COHAB RAPOSO TAVARES"
35015,39,"LGO. DA CONCÓRDIA / JD. FILHOS DA TERRA"
35018,9,"CIRCULAR / TERM. CID. TIRADENTES"
35022,162,"METRÔ BARRA FUNDA / CID. UNIVERSITÁRIA"
35023,321,"TERM. PQ. D. PEDRO II / METRÔ SANTANA"
35028,35,"METRÔ TUCURUVI / CACHOEIRA"
35029,6,"CACHOEIRA / DIB"
35030,45,"METRÔ PARADA INGLESA / HORTO FLORESTAL"
35031,58,"METRÔ TUCURUVI / VL. AYROSA"
35032,79,"METRÔ SANTANA / LAUZANE PAULISTA"
35033,33,"LAPA / MANDAQUI"
35034,54,"METRÔ CARANDIRU / JD. BRASIL"
35035,46,"SANTANA / VL. NOVA GALVÃO"
35037,28,"PQ. NOVO MUNDO / JAÇANÃ"
35038,40,"METRÔ TUCURUVI / JD. FONTÁLIS"
35049,109,"METRÔ TIETÊ / VL. MEDEIROS"
35050,366,"TERM. PQ. D. PEDRO II / TERM. LAPA"
35051,259,"TERM. PQ. D. PEDRO II / TERM. LAPA"
35052,47,"TERM. LAPA / TERM. PIRITUBA"
35055,16,"VL. PIAUÍ / TERM. LAPA"
35060,45,"MORRO DOCE / TERM. LAPA"
35062,21,"JD. PRINCESA / TERM. CACHOEIRINHA"
35063,15,"JD. PAULISTANO / TERM. PIRITUBA"
35066,27,"TERM. CASA VERDE / TERM. PIRITUBA"
35068,100,"METRÔ BARRA FUNDA / TERM. PQ. D. PEDRO II"
35069,268,"TERM. PINHEIROS / CACHOEIRINHA"
35070,71,"CONEXÃO PETRÔNIO PORTELA / JD. CAROMBÉ"
35071,28,"CONEXÃO PETRÔNIO PORTELA / JD. CAROMBÉ"
35072,767,"METRÔ BARRA FUNDA / CONEXÃO PETRÔNIO PORTELA"
35074,42,"CONEXÃO PETRÔNIO PORTELA / VL. IARA"
35079,307,"TERM. PQ. D. PEDRO II / METRÔ TUCURUVI"
35081,104,"TERM. PQ. D. PEDRO II / METRÔ TUCURUVI"
35082,27,"TERM. PQ. D. PEDRO II / METRÔ TUCURUVI"
35085,271,"TERM. PQ. D. PEDRO II / TERM. CASA VERDE"
35087,31,"METRÔ SANTANA / TERM. CACHOEIRINHA"
35088,21,"PEDRA BRANCA / TERM. CACHOEIRINHA"
35102,25,"JD. PERY ALTO / METRÔ SANTANA"
35105,22,"TERM. ARICANDUVA / TERM. A. E. CARVALHO"
35106,43,"TERM. ARICANDUVA / TERM. SÃO MIGUEL"
35107,25,"CPTM GUAIANAZES / TERM. SÃO MIGUEL"
35108,29,"METRÔ ITAQUERA / TERM. SÃO MIGUEL"
35110,269,"TERM. PQ. D. PEDRO II / METRÔ ITAQUERA"
35111,26,"OLIVEIRINHA / TERM. A. E. CARVALHO"
35112,22,"VL. CISPER (CPTM USP) / TERM. A. E. CARVALHO"
35113,14,"CID. KEMEL / TERM. SÃO MIGUEL"
35114,22,"CPTM GUAIANAZES / TERM. A. E. CARVALHO"
35115,32,"ERMELINO MATARAZZO / TERM. PENHA"
35116,14,"JD. CAMARGO VELHO / TERM. SÃO MIGUEL"
35117,14,"JD. CAMARGO VELHO / TERM. SÃO MIGUEL"
35119,15,"ARTUR ALVIM / METRÔ ITAQUERA"
35120,15,"JD. STO. ANTÔNIO / METRÔ ITAQUERA"
35121,14,"VL. CISPER (CPTM USP) / TERM. SÃO MIGUEL"
35122,32,"JD. DANFER / TERM. PENHA    "
35123,15,"METRÔ ITAQUERA / TERM. A. E. CARVALHO"
35124,4,"VL. CISPER / TERM. PENHA"
35128,9,"TERM. PENHA / TERM. SÃO MATEUS"
35129,29,"METRÔ ITAQUERA / TERM. VL. CARRÃO"
35130,9,"TERM. SÃO MATEUS / TERM. CID. TIRADENTES"
35131,39,"METRÔ BELÉM / TERM. VL. CARRÃO"
35132,9,"JD. DA CONQUISTA / TERM. SÃO MATEUS"
35133,9,"JD. STO. ANDRÉ / TERM. SÃO MATEUS"
35137,6,"BARRO BRANCO / TERM. CID. TIRADENTES"
35138,26,"TERM. CID. TIRADENTES / CPTM GUAIANAZES"
35142,6,"VL. YOLANDA / TERM. CID. TIRADENTES"
35143,254,"TERM. PQ. D. PEDRO II / TERM. SÃO MATEUS"
35144,274,"TERM. PQ. D. PEDRO II / TERM. SACOMÃ"
35145,9,"TERM. PQ. D. PEDRO II / TERM. SÃO MATEUS"
35146,21,"TERM. PQ. D. PEDRO II / TERM. SACOMÃ"
35147,61,"TERM. PINHEIROS / TERM. SACOMÃ"
35149,46,"METRÔ SANTANA / TERM. SACOMÃ"
35150,23,"TERM. PQ. D. PEDRO II / TERM. SACOMÃ"
35152,14,"HOSP. SÃO MATEUS / TERM. SAPOPEMBA"
35163,268,"TERM. PQ. D. PEDRO II / METRÔ JABAQUARA"
35167,47,"JD. LUSO / TERM. STO. AMARO"
35170,31,"VL. MISSIONÁRIA / METRÔ JABAQUARA"
35171,36,"UNISA / TERM. GRAJAÚ"
35173,41,"ELDORADO / TERM. STO. AMARO"
35178,43,"TERM. PINHEIROS / TERM. STO. AMARO"
35179,27,"TERM. PINHEIROS / TERM. CAMPO LIMPO"
35182,8,"VL. GILDA / TERM. JD. ÂNGELA"
35184,8,"JD. GUARUJÁ / TERM. CAPELINHA"
35185,8,"JD. HORIZONTE AZUL / TERM. JD. ÂNGELA"
35186,5,"PQ. DO LAGO / TERM. JD. ÂNGELA"
35191,68,"TERM. PINHEIROS / TERM. JOÃO DIAS"
35193,35,"JD. VAZ DE LIMA / TERM. JOÃO DIAS"
35195,8,"JD. IRENE / TERM. CAMPO LIMPO"
35197,105,"TERM. PQ. D. PEDRO II / TERM. PINHEIROS"
35198,45,"PQ. DA LAPA / TERM. LAPA"
35199,46,"PQ. CONTINENTAL / TERM. LAPA"
35201,115,"TERM. PINHEIROS / TERM. LAPA"
35203,66,"PQ. CONTINENTAL / TERM. PINHEIROS"
35205,20,"CPTM LEOPOLDINA / METRÔ VL. MADALENA"
35207,520,"STA. CECÍLIA / TERM. VL. MARIANA"
35208,523,"STA. CECÍLIA / TERM. VL. MARIANA"
35214,37,"TERM. A. E. CARVALHO / ERMELINO MATARAZZO"
35215,23,"VL. SOLANGE / CPTM GUAIANAZES"
35216,18,"TERM. CID. TIRADENTES / CID. TIRADENTES"
35218,101,"LAPA / CONEXÃO VL. IÓRIO"
35219,107,"LAPA / VL. IÓRIO"
35220,43,"CONEXÃO VL. IÓRIO / VL. IARA"
35221,47,"CONEXÃO VL. IÓRIO / COHAB BRASILÂNDIA"
35222,18,"JD. MABEL / JD. ROMANO"
35223,2,"PARELHEIROS / CHÁC. BOSQUE DO SOL"
35229,841,"TURISMO / CIRCULAR"
35230,106,"TERM. PINHEIROS / TERM. STO. AMARO"
35246,194,"TERM. PINHEIROS / METRÔ SANTANA"
35249,20,"JD. SÃO ROBERTO / TERM. SAPOPEMBA"
35252,177,"TERM. STO. AMARO / E T. ÁGUA ESPRAIADA"
35254,12,"JD. MONTE BELO / TERM. JD. BRITANIA"
35263,48,"TERM. PIRITUBA / SOL NASCENTE"
35265,109,"CONEXÃO VL. IÓRIO  / PERUS"
35266,78,"METRÔ BELÉM / PQ. EDÚ CHAVES"
35267,93,"TERM. ROD. TIETÊ  / VL. SABRINA"
35268,142,"TERM. LAPA / VL. SULINA"
35270,55,"TERM. GUARAPIRANGA / JD. GUARUJÁ"
35271,53,"METRÔ JABAQUARA / TERM. GUARAPIRANGA"
35274,524,"PÇA. RAMOS DE AZEVEDO / TERM. LAPA"
35275,74,"TERM. LAPA / TERM. PIRITUBA"
35276,406,"PÇA. RAMOS DE AZEVEDO / TERM. CAMPO LIMPO"
35278,287,"METRÔ STA. CRUZ / TERM. LAPA"
35280,325,"TERM. PQ. D. PEDRO II / TERM. PINHEIROS"
