slow_0,slow_5,slow_10,slow_15,slow_20,slow_25,slow_30,slow_35,slow_40,slow_45,slow_50,slow_55
slow_0,slow_5,slow_10,slow_15,slow_20,slow_25,slow_30,slow_35,slow_40,slow_45,slow_50,slow_55
slow_0,slow_5,slow_10,slow_15,slow_20,slow_25,slow_30,slow_35,slow_40,slow_45,slow_50,slow_55
slow_0,slow_5,slow_10,slow_15,slow_20,slow_25,slow_30,slow_35,slow_40,slow_45,slow_50,slow_55
slow_0,slow_5,slow_10,slow_15,slow_20,slow_25,slow_30,slow_35,slow_40,slow_45,slow_50,slow_55
slow_0,slow_5,slow_10,slow_15,slow_20,slow_25,slow_30,slow_35,slow_40,slow_45,slow_50,slow_55
slow_0,slow_5,slow_10,slow_15,slow_20,slow_25,slow_30,slow_35,slow_40,slow_45,slow_50,slow_55
slow_0,slow_5,slow_10,slow_15,slow_20,slow_25,slow_30,slow_35,slow_40,slow_45,slow_50,slow_55
slow_0,slow_5,slow_10,slow_15,slow_20,slow_25,slow_30,slow_35,slow_40,slow_45,slow_50,slow_55
slow_0,slow_5,slow_10,slow_15,slow_20,slow_25,slow_30,slow_35,slow_40,slow_45,slow_50,slow_55
slow_0,slow_5,slow_10,slow_15,slow_20,slow_25,slow_30,slow_35,slow_40,slow_45,slow_50,slow_55
slow_0,slow_5,slow_10,slow_15,slow_20,slow_25,slow_30,slow_35,slow_40,slow_45,slow_50,slow_55
slow_0,slow_5,slow_10,slow_15,slow_20,slow_25,slow_30,slow_35,slow_40,slow_45,slow_50,slow_55
slow_0,slow_5,slow_10,slow_15,slow_20,slow_25,slow_30,slow_35,slow_40,slow_45,slow_50,slow_55
slow_0,slow_5,slow_10,slow_15,slow_20,slow_25,slow_30,slow_35,slow_40,slow_45,slow_50,slow_55
slow_0,slow_5,slow_10,slow_15,slow_20,slow_25,slow_30,slow_35,slow_40,slow_45,slow_50,slow_55
slow_0,slow_5,slow_10,slow_15,slow_20,slow_25,slow_30,slow_35,slow_40,slow_45,slow_50,slow_55
slow_0,slow_5,slow_10,slow_15,slow_20,slow_25,slow_30,slow_35,slow_40,slow_45,slow_50,slow_55
slow_0,slow_5,slow_10,slow_15,slow_20,slow_25,slow_30,slow_35,slow_40,slow_45,slow_50,slow_55
slow_0,slow_5,slow_10,slow_15,slow_20,slow_25,slow_30,slow_35,slow_40,slow_45,slow_50,slow_55
slow_0,slow_5,slow_10,slow_15,slow_20,slow_25,slow_30,slow_35,slow_40,slow_45,slow_50,slow_55
slow_0,slow_5,slow_10,slow_15,slow_20,slow_25,slow_30,slow_35,slow_40,slow_45,slow_50,slow_55
slow_0,slow_5,slow_10,slow_15,slow_20,slow_25,slow_30,slow_35,slow_40,slow_45,slow_50,slow_55
slow_0,slow_5,slow_10,slow_15,slow_20,slow_25,slow_30,slow_35,slow_40,slow_45,slow_50,slow_55
slow_0,slow_5,slow_10,slow_15,slow_20,slow_25,slow_30,slow_35,slow_40,slow_45,slow_50,slow_55
slow_0,slow_5,slow_10,slow_15,slow_20,slow_25,slow_30,slow_35,slow_40,slow_45,slow_50,slow_55
slow_0,slow_5,slow_10,slow_15,slow_20,slow_25,slow_30,slow_35,slow_40,slow_45,slow_50,slow_55
slow_0,slow_5,slow_10,slow_15,slow_20,slow_25,slow_30,slow_35,slow_40,slow_45,slow_50,slow_55
slow_0,slow_5,slow_10,slow_15,slow_20,slow_25,slow_30,slow_35,slow_40,slow_45,slow_50,slow_55
slow_0,slow_5,slow_10,slow_15,slow_20,slow_25,slow_30,slow_35,slow_40,slow_45,slow_50,slow_55
slow_0,slow_5,slow_10,slow_15,slow_20,slow_25,slow_30,slow_35,slow_40,slow_45,slow_50,slow_55
slow_0,slow_5,slow_10,slow_15,slow_20,slow_25,slow_30,slow_35,slow_40,slow_45,slow_50,slow_55
slow_0,slow_5,slow_10,slow_15,slow_20,slow_25,slow_30,slow_35,slow_40,slow_45,slow_50,slow_55
slow_0,slow_5,slow_10,slow_15,slow_20,slow_25,slow_30,slow_35,slow_40,slow_45,slow_50,slow_55
slow_0,slow_5,slow_10,slow_15,slow_20,slow_25,slow_30,slow_35,slow_40,slow_45,slow_50,slow_55
slow_0,slow_5,slow_10,slow_15,slow_20,slow_25,slow_30,slow_35,slow_40,slow_45,slow_50,slow_55
slow_0,slow_5,slow_10,slow_15,slow_20,slow_25,slow_30,slow_35,slow_40,slow_45,slow_50,slow_55
slow_0,slow_5,slow_10,slow_15,slow_20,slow_25,slow_30,slow_35,slow_40,slow_45,slow_50,slow_55
slow_0,slow_5,slow_10,slow_15,slow_20,slow_25,slow_30,slow_35,slow_40,slow_45,slow_50,slow_55
slow_0,slow_5,slow_10,slow_15,slow_20,slow_25,slow_30,slow_35,slow_40,slow_45,slow_50,slow_55
slow_0,slow_5,slow_10,slow_15,slow_20,slow_25,slow_30,slow_35,slow_40,slow_45,slow_50,slow_55
slow_0,slow_5,slow_10,slow_15,slow_20,slow_25,slow_30,slow_35,slow_40,slow_45,slow_50,slow_55
slow_0,slow_5,slow_10,slow_15,slow_20,slow_25,slow_30,slow_35,slow_40,slow_45,slow_50,slow_55
slow_0,slow_5,slow_10,slow_15,slow_20,slow_25,slow_30,slow_35,slow_40,slow_45,slow_50,slow_55
slow_0,slow_5,slow_10,slow_15,slow_20,slow_25,slow_30,slow_35,slow_40,slow_45,slow_50,slow_55
slow_0,slow_5,slow_10,slow_15,slow_20,slow_25,slow_30,slow_35,slow_40,slow_45,slow_50,slow_55
slow_0,slow_5,slow_10,slow_15,slow_20,slow_25,slow_30,slow_35,slow_40,slow_45,slow_50,slow_55
slow_0,slow_5,slow_10,slow_15,slow_20,slow_25,slow_30,slow_35,slow_40,slow_45,slow_50,slow_55
slow_0,slow_5,slow_10,slow_15,slow_20,slow_25,slow_30,slow_35,slow_40,slow_45,slow_50,slow_55
slow_0,slow_5,slow_10,slow_15,slow_20,slow_25,slow_30,slow_35,slow_40,slow_45,slow_50,slow_55
slow_0,slow_5,slow_10,slow_15,slow_20,slow_25,slow_30,slow_35,slow_40,slow_45,slow_50,slow_55
slow_0,slow_5,slow_10,slow_15,slow_20,slow_25,slow_30,slow_35,slow_40,slow_45,slow_50,slow_55
slow_0,slow_5,slow_10,slow_15,slow_20,slow_25,slow_30,slow_35,slow_40,slow_45,slow_50,slow_55
slow_0,slow_5,slow_10,slow_15,slow_20,slow_25,slow_30,slow_35,slow_40,slow_45,slow_50,slow_55
slow_0,slow_5,slow_10,slow_15,slow_20,slow_25,slow_30,slow_35,slow_40,slow_45,slow_50,slow_55
slow_0,slow_5,slow_10,slow_15,slow_20,slow_25,slow_30,slow_35,slow_40,slow_45,slow_50,slow_55
slow_0,slow_5,slow_10,slow_15,slow_20,slow_25,slow_30,slow_35,slow_40,slow_45,slow_50,slow_55
slow_0,slow_5,slow_10,slow_15,slow_20,slow_25,slow_30,slow_35,slow_40,slow_45,slow_50,slow_55
slow_0,slow_5,slow_10,slow_15,slow_20,slow_25,slow_30,slow_35,slow_40,slow_45,slow_50,slow_55
slow_0,slow_5,slow_10,slow_15,slow_20,slow_25,slow_30,slow_35,slow_40,slow_45,slow_50,slow_55
slow_0,slow_5,slow_10,slow_15,slow_20,slow_25,slow_30,slow_35,slow_40,slow_45,slow_50,slow_55
slow_0,slow_5,slow_10,slow_15,slow_20,slow_25,slow_30,slow_35,slow_40,slow_45,slow_50,slow_55
slow_0,slow_5,slow_10,slow_15,slow_20,slow_25,slow_30,slow_35,slow_40,slow_45,slow_50,slow_55
slow_0,slow_5,slow_10,slow_15,slow_20,slow_25,slow_30,slow_35,slow_40,slow_45,slow_50,slow_55
slow_0,slow_5,slow_10,slow_15,slow_20,slow_25,slow_30,slow_35,slow_40,slow_45,slow_50,slow_55
slow_0,slow_5,slow_10,slow_15,slow_20,slow_25,slow_30,slow_35,slow_40,slow_45,slow_50,slow_55
slow_0,slow_5,slow_10,slow_15,slow_20,slow_25,slow_30,slow_35,slow_40,slow_45,slow_50,slow_55
slow_0,slow_5,slow_10,slow_15,slow_20,slow_25,slow_30,slow_35,slow_40,slow_45,slow_50,slow_55
slow_0,slow_5,slow_10,slow_15,slow_20,slow_25,slow_30,slow_35,slow_40,slow_45,slow_50,slow_55
slow_0,slow_5,slow_10,slow_15,slow_20,slow_25,slow_30,slow_35,slow_40,slow_45,slow_50,slow_55
slow_0,slow_5,slow_10,slow_15,slow_20,slow_25,slow_30,slow_35,slow_40,slow_45,slow_50,slow_55
slow_0,slow_5,slow_10,slow_15,slow_20,slow_25,slow_30,slow_35,slow_40,slow_45,slow_50,slow_55
slow_0,slow_5,slow_10,slow_15,slow_20,slow_25,slow_30,slow_35,slow_40,slow_45,slow_50,slow_55
slow_0,slow_5,slow_10,slow_15,slow_20,slow_25,slow_30,slow_35,slow_40,slow_45,slow_50,slow_55
slow_0,slow_5,slow_10,slow_15,slow_20,slow_25,slow_30,slow_35,slow_40,slow_45,slow_50,slow_55
slow_0,slow_5,slow_10,slow_15,slow_20,slow_25,slow_30,slow_35,slow_40,slow_45,slow_50,slow_55
slow_0,slow_5,slow_10,slow_15,slow_20,slow_25,slow_30,slow_35,slow_40,slow_45,slow_50,slow_55
slow_0,slow_5,slow_10,slow_15,slow_20,slow_25,slow_30,slow_35,slow_40,slow_45,slow_50,slow_55
slow_0,slow_5,slow_10,slow_15,slow_20,slow_25,slow_30,slow_35,slow_40,slow_45,slow_50,slow_55
slow_0,slow_5,slow_10,slow_15,slow_20,slow_25,slow_30,slow_35,slow_40,slow_45,slow_50,slow_55
slow_0,slow_5,slow_10,slow_15,slow_20,slow_25,slow_30,slow_35,slow_40,slow_45,slow_50,slow_55
slow_0,slow_5,slow_10,slow_15,slow_20,slow_25,slow_30,slow_35,slow_40,slow_45,slow_50,slow_55
slow_0,slow_5,slow_10,slow_15,slow_20,slow_25,slow_30,slow_35,slow_40,slow_45,slow_50,slow_55
slow_0,slow_5,slow_10,slow_15,slow_20,slow_25,slow_30,slow_35,slow_40,slow_45,slow_50,slow_55
slow_0,slow_5,slow_10,slow_15,slow_20,slow_25,slow_30,slow_35,slow_40,slow_45,slow_50,slow_55
slow_0,slow_5,slow_10,slow_15,slow_20,slow_25,slow_30,slow_35,slow_40,slow_45,slow_50,slow_55
slow_0,slow_5,slow_10,slow_15,slow_20,slow_25,slow_30,slow_35,slow_40,slow_45,slow_50,slow_55
slow_0,slow_5,slow_10,slow_15,slow_20,slow_25,slow_30,slow_35,slow_40,slow_45,slow_50,slow_55
slow_0,slow_5,slow_10,slow_15,slow_20,slow_25,slow_30,slow_35,slow_40,slow_45,slow_50,slow_55
slow_0,slow_5,slow_10,slow_15,slow_20,slow_25,slow_30,slow_35,slow_40,slow_45,slow_50,slow_55
slow_0,slow_5,slow_10,slow_15,slow_20,slow_25,slow_30,slow_35,slow_40,slow_45,slow_50,slow_55
slow_0,slow_5,slow_10,slow_15,slow_20,slow_25,slow_30,slow_35,slow_40,slow_45,slow_50,slow_55
slow_0,slow_5,slow_10,slow_15,slow_20,slow_25,slow_30,slow_35,slow_40,slow_45,slow_50,slow_55
slow_0,slow_5,slow_10,slow_15,slow_20,slow_25,slow_30,slow_35,slow_40,slow_45,slow_50,slow_55
slow_0,slow_5,slow_10,slow_15,slow_20,slow_25,slow_30,slow_35,slow_40,slow_45,slow_50,slow_55
slow_0,slow_5,slow_10,slow_15,slow_20,slow_25,slow_30,slow_35,slow_40,slow_45,slow_50,slow_55
slow_0,slow_5,slow_10,slow_15,slow_20,slow_25,slow_30,slow_35,slow_40,slow_45,slow_50,slow_55
slow_0,slow_5,slow_10,slow_15,slow_20,slow_25,slow_30,slow_35,slow_40,slow_45,slow_50,slow_55
slow_0,slow_5,slow_10,slow_15,slow_20,slow_25,slow_30,slow_35,slow_40,slow_45,slow_50,slow_55
slow_0,slow_5,slow_10,slow_15,slow_20,slow_25,slow_30,slow_35,slow_40,slow_45,slow_50,slow_55
slow_0,slow_5,slow_10,slow_15,slow_20,slow_25,slow_30,slow_35,slow_40,slow_45,slow_50,slow_55
slow_0,slow_5,slow_10,slow_15,slow_20,slow_25,slow_30,slow_35,slow_40,slow_45,slow_50,slow_55
slow_0,slow_5,slow_10,slow_15,slow_20,slow_25,slow_30,slow_35,slow_40,slow_45,slow_50,slow_55
slow_0,slow_5,slow_10,slow_15,slow_20,slow_25,slow_30,slow_35,slow_40,slow_45,slow_50,slow_55
slow_0,slow_5,slow_10,slow_15,slow_20,slow_25,slow_30,slow_35,slow_40,slow_45,slow_50,slow_55
slow_0,slow_5,slow_10,slow_15,slow_20,slow_25,slow_30,slow_35,slow_40,slow_45,slow_50,slow_55
slow_0,slow_5,slow_10,slow_15,slow_20,slow_25,slow_30,slow_35,slow_40,slow_45,slow_50,slow_55
slow_0,slow_5,slow_10,slow_15,slow_20,slow_25,slow_30,slow_35,slow_40,slow_45,slow_50,slow_55
slow_0,slow_5,slow_10,slow_15,slow_20,slow_25,slow_30,slow_35,slow_40,slow_45,slow_50,slow_55
slow_0,slow_5,slow_10,slow_15,slow_20,slow_25,slow_30,slow_35,slow_40,slow_45,slow_50,slow_55
slow_0,slow_5,slow_10,slow_15,slow_20,slow_25,slow_30,slow_35,slow_40,slow_45,slow_50,slow_55
slow_0,slow_5,slow_10,slow_15,slow_20,slow_25,slow_30,slow_35,slow_40,slow_45,slow_50,slow_55
slow_0,slow_5,slow_10,slow_15,slow_20,slow_25,slow_30,slow_35,slow_40,slow_45,slow_50,slow_55
slow_0,slow_5,slow_10,slow_15,slow_20,slow_25,slow_30,slow_35,slow_40,slow_45,slow_50,slow_55
slow_0,slow_5,slow_10,slow_15,slow_20,slow_25,slow_30,slow_35,slow_40,slow_45,slow_50,slow_55
slow_0,slow_5,slow_10,slow_15,slow_20,slow_25,slow_30,slow_35,slow_40,slow_45,slow_50,slow_55
slow_0,slow_5,slow_10,slow_15,slow_20,slow_25,slow_30,slow_35,slow_40,slow_45,slow_50,slow_55
slow_0,slow_5,slow_10,slow_15,slow_20,slow_25,slow_30,slow_35,slow_40,slow_45,slow_50,slow_55
slow_0,slow_5,slow_10,slow_15,slow_20,slow_25,slow_30,slow_35,slow_40,slow_45,slow_50,slow_55
slow_0,slow_5,slow_10,slow_15,slow_20,slow_25,slow_30,slow_35,slow_40,slow_45,slow_50,slow_55
slow_0,slow_5,slow_10,slow_15,slow_20,slow_25,slow_30,slow_35,slow_40,slow_45,slow_50,slow_55
slow_0,slow_5,slow_10,slow_15,slow_20,slow_25,slow_30,slow_35,slow_40,slow_45,slow_50,slow_55
slow_0,slow_5,slow_10,slow_15,slow_20,slow_25,slow_30,slow_35,slow_40,slow_45,slow_50,slow_55
slow_0,slow_5,slow_10,slow_15,slow_20,slow_25,slow_30,slow_35,slow_40,slow_45,slow_50,slow_55
slow_0,slow_5,slow_10,slow_15,slow_20,slow_25,slow_30,slow_35,slow_40,slow_45,slow_50,slow_55
slow_0,slow_5,slow_10,slow_15,slow_20,slow_25,slow_30,slow_35,slow_40,slow_45,slow_50,slow_55
slow_0,slow_5,slow_10,slow_15,slow_20,slow_25,slow_30,slow_35,slow_40,slow_45,slow_50,slow_55
slow_0,slow_5,slow_10,slow_15,slow_20,slow_25,slow_30,slow_35,slow_40,slow_45,slow_50,slow_55
slow_0,slow_5,slow_10,slow_15,slow_20,slow_25,slow_30,slow_35,slow_40,slow_45,slow_50,slow_55
slow_0,slow_5,slow_10,slow_15,slow_20,slow_25,slow_30,slow_35,slow_40,slow_45,slow_50,slow_55
slow_0,slow_5,slow_10,slow_15,slow_20,slow_25,slow_30,slow_35,slow_40,slow_45,slow_50,slow_55
slow_0,slow_5,slow_10,slow_15,slow_20,slow_25,slow_30,slow_35,slow_40,slow_45,slow_50,slow_55
slow_0,slow_5,slow_10,slow_15,slow_20,slow_25,slow_30,slow_35,slow_40,slow_45,slow_50,slow_55
slow_0,slow_5,slow_10,slow_15,slow_20,slow_25,slow_30,slow_35,slow_40,slow_45,slow_50,slow_55
slow_0,slow_5,slow_10,slow_15,slow_20,slow_25,slow_30,slow_35,slow_40,slow_45,slow_50,slow_55
slow_0,slow_5,slow_10,slow_15,slow_20,slow_25,slow_30,slow_35,slow_40,slow_45,slow_50,slow_55
slow_0,slow_5,slow_10,slow_15,slow_20,slow_25,slow_30,slow_35,slow_40,slow_45,slow_50,slow_55
slow_0,slow_5,slow_10,slow_15,slow_20,slow_25,slow_30,slow_35,slow_40,slow_45,slow_50,slow_55
slow_0,slow_5,slow_10,slow_15,slow_20,slow_25,slow_30,slow_35,slow_40,slow_45,slow_50,slow_55
slow_0,slow_5,slow_10,slow_15,slow_20,slow_25,slow_30,slow_35,slow_40,slow_45,slow_50,slow_55
slow_0,slow_5,slow_10,slow_15,slow_20,slow_25,slow_30,slow_35,slow_40,slow_45,slow_50,slow_55
slow_0,slow_5,slow_10,slow_15,slow_20,slow_25,slow_30,slow_35,slow_40,slow_45,slow_50,slow_55
slow_0,slow_5,slow_10,slow_15,slow_20,slow_25,slow_30,slow_35,slow_40,slow_45,slow_50,slow_55
slow_0,slow_5,slow_10,slow_15,slow_20,slow_25,slow_30,slow_35,slow_40,slow_45,slow_50,slow_55
slow_0,slow_5,slow_10,slow_15,slow_20,slow_25,slow_30,slow_35,slow_40,slow_45,slow_50,slow_55
slow_0,slow_5,slow_10,slow_15,slow_20,slow_25,slow_30,slow_35,slow_40,slow_45,slow_50,slow_55
slow_0,slow_5,slow_10,slow_15,slow_20,slow_25,slow_30,slow_35,slow_40,slow_45,slow_50,slow_55
slow_0,slow_5,slow_10,slow_15,slow_20,slow_25,slow_30,slow_35,slow_40,slow_45,slow_50,slow_55
slow_0,slow_5,slow_10,slow_15,slow_20,slow_25,slow_30,slow_35,slow_40,slow_45,slow_50,slow_55
slow_0,slow_5,slow_10,slow_15,slow_20,slow_25,slow_30,slow_35,slow_40,slow_45,slow_50,slow_55
slow_0,slow_5,slow_10,slow_15,slow_20,slow_25,slow_30,slow_35,slow_40,slow_45,slow_50,slow_55
slow_0,slow_5,slow_10,slow_15,slow_20,slow_25,slow_30,slow_35,slow_40,slow_45,slow_50,slow_55
slow_0,slow_5,slow_10,slow_15,slow_20,slow_25,slow_30,slow_35,slow_40,slow_45,slow_50,slow_55
slow_0,slow_5,slow_10,slow_15,slow_20,slow_25,slow_30,slow_35,slow_40,slow_45,slow_50,slow_55
slow_0,slow_5,slow_10,slow_15,slow_20,slow_25,slow_30,slow_35,slow_40,slow_45,slow_50,slow_55
slow_0,slow_5,slow_10,slow_15,slow_20,slow_25,slow_30,slow_35,slow_40,slow_45,slow_50,slow_55
slow_0,slow_5,slow_10,slow_15,slow_20,slow_25,slow_30,slow_35,slow_40,slow_45,slow_50,slow_55
slow_0,slow_5,slow_10,slow_15,slow_20,slow_25,slow_30,slow_35,slow_40,slow_45,slow_50,slow_55
slow_0,slow_5,slow_10,slow_15,slow_20,slow_25,slow_30,slow_35,slow_40,slow_45,slow_50,slow_55
slow_0,slow_5,slow_10,slow_15,slow_20,slow_25,slow_30,slow_35,slow_40,slow_45,slow_50,slow_55
slow_0,slow_5,slow_10,slow_15,slow_20,slow_25,slow_30,slow_35,slow_40,slow_45,slow_50,slow_55
slow_0,slow_5,slow_10,slow_15,slow_20,slow_25,slow_30,slow_35,slow_40,slow_45,slow_50,slow_55
slow_0,slow_5,slow_10,slow_15,slow_20,slow_25,slow_30,slow_35,slow_40,slow_45,slow_50,slow_55
slow_0,slow_5,slow_10,slow_15,slow_20,slow_25,slow_30,slow_35,slow_40,slow_45,slow_50,slow_55
slow_0,slow_5,slow_10,slow_15,slow_20,slow_25,slow_30,slow_35,slow_40,slow_45,slow_50,slow_55
slow_0,slow_5,slow_10,slow_15,slow_20,slow_25,slow_30,slow_35,slow_40,slow_45,slow_50,slow_55
slow_0,slow_5,slow_10,slow_15,slow_20,slow_25,slow_30,slow_35,slow_40,slow_45,slow_50,slow_55
slow_0,slow_5,slow_10,slow_15,slow_20,slow_25,slow_30,slow_35,slow_40,slow_45,slow_50,slow_55
slow_0,slow_5,slow_10,slow_15,slow_20,slow_25,slow_30,slow_35,slow_40,slow_45,slow_50,slow_55
slow_0,slow_5,slow_10,slow_15,slow_20,slow_25,slow_30,slow_35,slow_40,slow_45,slow_50,slow_55
slow_0,slow_5,slow_10,slow_15,slow_20,slow_25,slow_30,slow_35,slow_40,slow_45,slow_50,slow_55
slow_0,slow_5,slow_10,slow_15,slow_20,slow_25,slow_30,slow_35,slow_40,slow_45,slow_50,slow_55
slow_0,slow_5,slow_10,slow_15,slow_20,slow_25,slow_30,slow_35,slow_40,slow_45,slow_50,slow_55
slow_0,slow_5,slow_10,slow_15,slow_20,slow_25,slow_30,slow_35,slow_40,slow_45,slow_50,slow_55
slow_0,slow_5,slow_10,slow_15,slow_20,slow_25,slow_30,slow_35,slow_40,slow_45,slow_50,slow_55
slow_0,slow_5,slow_10,slow_15,slow_20,slow_25,slow_30,slow_35,slow_40,slow_45,slow_50,slow_55
slow_0,slow_5,slow_10,slow_15,slow_20,slow_25,slow_30,slow_35,slow_40,slow_45,slow_50,slow_55
slow_0,slow_5,slow_10,slow_15,slow_20,slow_25,slow_30,slow_35,slow_40,slow_45,slow_50,slow_55
slow_0,slow_5,slow_10,slow_15,slow_20,slow_25,slow_30,slow_35,slow_40,slow_45,slow_50,slow_55
slow_0,slow_5,slow_10,slow_15,slow_20,slow_25,slow_30,slow_35,slow_40,slow_45,slow_50,slow_55
slow_0,slow_5,slow_10,slow_15,slow_20,slow_25,slow_30,slow_35,slow_40,slow_45,slow_50,slow_55
slow_0,slow_5,slow_10,slow_15,slow_20,slow_25,slow_30,slow_35,slow_40,slow_45,slow_50,slow_55
slow_0,slow_5,slow_10,slow_15,slow_20,slow_25,slow_30,slow_35,slow_40,slow_45,slow_50,slow_55
slow_0,slow_5,slow_10,slow_15,slow_20,slow_25,slow_30,slow_35,slow_40,slow_45,slow_50,slow_55
slow_0,slow_5,slow_10,slow_15,slow_20,slow_25,slow_30,slow_35,slow_40,slow_45,slow_50,slow_55
slow_0,slow_5,slow_10,slow_15,slow_20,slow_25,slow_30,slow_35,slow_40,slow_45,slow_50,slow_55
slow_0,slow_5,slow_10,slow_15,slow_20,slow_25,slow_30,slow_35,slow_40,slow_45,slow_50,slow_55
slow_0,slow_5,slow_10,slow_15,slow_20,slow_25,slow_30,slow_35,slow_40,slow_45,slow_50,slow_55
slow_0,slow_5,slow_10,slow_15,slow_20,slow_25,slow_30,slow_35,slow_40,slow_45,slow_50,slow_55
slow_0,slow_5,slow_10,slow_15,slow_20,slow_25,slow_30,slow_35,slow_40,slow_45,slow_50,slow_55
slow_0,slow_5,slow_10,slow_15,slow_20,slow_25,slow_30,slow_35,slow_40,slow_45,slow_50,slow_55
slow_0,slow_5,slow_10,slow_15,slow_20,slow_25,slow_30,slow_35,slow_40,slow_45,slow_50,slow_55
slow_0,slow_5,slow_10,slow_15,slow_20,slow_25,slow_30,slow_35,slow_40,slow_45,slow_50,slow_55
slow_0,slow_5,slow_10,slow_15,slow_20,slow_25,slow_30,slow_35,slow_40,slow_45,slow_50,slow_55
slow_0,slow_5,slow_10,slow_15,slow_20,slow_25,slow_30,slow_35,slow_40,slow_45,slow_50,slow_55
slow_0,slow_5,slow_10,slow_15,slow_20,slow_25,slow_30,slow_35,slow_40,slow_45,slow_50,slow_55
slow_0,slow_5,slow_10,slow_15,slow_20,slow_25,slow_30,slow_35,slow_40,slow_45,slow_50,slow_55
slow_0,slow_5,slow_10,slow_15,slow_20,slow_25,slow_30,slow_35,slow_40,slow_45,slow_50,slow_55
slow_0,slow_5,slow_10,slow_15,slow_20,slow_25,slow_30,slow_35,slow_40,slow_45,slow_50,slow_55
slow_0,slow_5,slow_10,slow_15,slow_20,slow_25,slow_30,slow_35,slow_40,slow_45,slow_50,slow_55
slow_0,slow_5,slow_10,slow_15,slow_20,slow_25,slow_30,slow_35,slow_40,slow_45,slow_50,slow_55
slow_0,slow_5,slow_10,slow_15,slow_20,slow_25,slow_30,slow_35,slow_40,slow_45,slow_50,slow_55
slow_0,slow_5,slow_10,slow_15,slow_20,slow_25,slow_30,slow_35,slow_40,slow_45,slow_50,slow_55
slow_0,slow_5,slow_10,slow_15,slow_20,slow_25,slow_30,slow_35,slow_40,slow_45,slow_50,slow_55
slow_0,slow_5,slow_10,slow_15,slow_20,slow_25,slow_30,slow_35,slow_40,slow_45,slow_50,slow_55
slow_0,slow_5,slow_10,slow_15,slow_20,slow_25,fast_30,fast_35,fast_40,slow_45,slow_50,slow_55
slow_0,slow_5,slow_10,slow_15,slow_20,slow_25,slow_30,slow_35,slow_40,slow_45,slow_50,slow_55
slow_0,slow_5,slow_10,slow_15,slow_20,slow_25,slow_30,slow_35,slow_40,slow_45,slow_50,slow_55
slow_0,slow_5,slow_10,slow_15,slow_20,slow_25,slow_30,slow_35,slow_40,slow_45,slow_50,slow_55
slow_0,slow_5,slow_10,slow_15,slow_20,slow_25,slow_30,slow_35,slow_40,slow_45,slow_50,slow_55
slow_0,slow_5,slow_10,slow_15,slow_20,slow_25,slow_30,slow_35,slow_40,slow_45,slow_50,slow_55
slow_0,slow_5,slow_10,slow_15,slow_20,slow_25,slow_30,slow_35,slow_40,slow_45,slow_50,slow_55
slow_0,slow_5,slow_10,slow_15,slow_20,slow_25,slow_30,slow_35,slow_40,slow_45,slow_50,slow_55
slow_0,slow_5,slow_10,slow_15,slow_20,slow_25,slow_30,slow_35,slow_40,slow_45,slow_50,slow_55
slow_0,slow_5,slow_10,slow_15,slow_20,slow_25,slow_30,slow_35,slow_40,slow_45,slow_50,slow_55
slow_0,slow_5,slow_10,slow_15,slow_20,slow_25,slow_30,slow_35,slow_40,slow_45,slow_50,slow_55
slow_0,slow_5,slow_10,slow_15,slow_20,slow_25,slow_30,slow_35,slow_40,slow_45,slow_50,slow_55
slow_0,slow_5,slow_10,slow_15,slow_20,slow_25,slow_30,slow_35,slow_40,slow_45,slow_50,slow_55
slow_0,slow_5,slow_10,slow_15,slow_20,slow_25,slow_30,slow_35,slow_40,slow_45,slow_50,slow_55
slow_0,slow_5,slow_10,slow_15,slow_20,slow_25,slow_30,slow_35,slow_40,slow_45,slow_50,slow_55
slow_0,slow_5,slow_10,slow_15,slow_20,slow_25,slow_30,slow_35,slow_40,slow_45,slow_50,slow_55
slow_0,slow_5,slow_10,slow_15,slow_20,slow_25,slow_30,slow_35,slow_40,slow_45,slow_50,slow_55
slow_0,slow_5,slow_10,slow_15,slow_20,slow_25,slow_30,slow_35,slow_40,slow_45,slow_50,slow_55
slow_0,slow_5,slow_10,slow_15,slow_20,slow_25,slow_30,slow_35,slow_40,slow_45,slow_50,slow_55
slow_0,slow_5,slow_10,slow_15,slow_20,slow_25,slow_30,slow_35,slow_40,slow_45,slow_50,slow_55
slow_0,slow_5,slow_10,slow_15,slow_20,slow_25,slow_30,slow_35,slow_40,slow_45,slow_50,slow_55
slow_0,slow_5,slow_10,slow_15,slow_20,slow_25,slow_30,slow_35,slow_40,slow_45,slow_50,slow_55
slow_0,slow_5,slow_10,slow_15,slow_20,slow_25,slow_30,slow_35,slow_40,slow_45,slow_50,slow_55
slow_0,slow_5,slow_10,slow_15,slow_20,slow_25,slow_30,slow_35,slow_40,slow_45,slow_50,slow_55
slow_0,slow_5,slow_10,slow_15,slow_20,slow_25,slow_30,slow_35,slow_40,slow_45,slow_50,slow_55
slow_0,slow_5,slow_10,slow_15,slow_20,slow_25,slow_30,slow_35,slow_40,slow_45,slow_50,slow_55
slow_0,slow_5,slow_10,slow_15,slow_20,slow_25,slow_30,slow_35,slow_40,slow_45,slow_50,slow_55
slow_0,slow_5,slow_10,slow_15,slow_20,slow_25,slow_30,slow_35,slow_40,slow_45,slow_50,slow_55
slow_0,slow_5,slow_10,slow_15,slow_20,slow_25,slow_30,slow_35,slow_40,slow_45,slow_50,slow_55
slow_0,slow_5,slow_10,slow_15,slow_20,slow_25,slow_30,slow_35,slow_40,slow_45,slow_50,slow_55
slow_0,slow_5,slow_10,slow_15,slow_20,slow_25,slow_30,slow_35,slow_40,slow_45,slow_50,slow_55
slow_0,slow_5,slow_10,slow_15,slow_20,slow_25,slow_30,slow_35,slow_40,slow_45,slow_50,slow_55
slow_0,slow_5,slow_10,slow_15,slow_20,slow_25,slow_30,slow_35,slow_40,slow_45,slow_50,slow_55
slow_0,slow_5,slow_10,slow_15,slow_20,slow_25,slow_30,slow_35,slow_40,slow_45,slow_50,slow_55
slow_0,slow_5,slow_10,slow_15,slow_20,slow_25,slow_30,slow_35,slow_40,slow_45,slow_50,slow_55
slow_0,slow_5,slow_10,slow_15,slow_20,slow_25,slow_30,slow_35,slow_40,slow_45,slow_50,slow_55
slow_0,slow_5,slow_10,slow_15,slow_20,slow_25,slow_30,slow_35,slow_40,slow_45,slow_50,slow_55
slow_0,slow_5,slow_10,slow_15,slow_20,slow_25,slow_30,slow_35,slow_40,slow_45,slow_50,slow_55
slow_0,slow_5,slow_10,slow_15,slow_20,slow_25,slow_30,slow_35,slow_40,slow_45,slow_50,slow_55
slow_0,slow_5,slow_10,slow_15,slow_20,slow_25,slow_30,slow_35,slow_40,slow_45,slow_50,slow_55
slow_0,slow_5,slow_10,slow_15,slow_20,slow_25,slow_30,slow_35,slow_40,slow_45,slow_50,slow_55
slow_0,slow_5,slow_10,slow_15,slow_20,slow_25,slow_30,slow_35,slow_40,slow_45,slow_50,slow_55
slow_0,slow_5,slow_10,slow_15,slow_20,slow_25,slow_30,slow_35,slow_40,slow_45,slow_50,slow_55
slow_0,slow_5,slow_10,slow_15,slow_20,slow_25,slow_30,slow_35,slow_40,slow_45,slow_50,slow_55
slow_0,slow_5,slow_10,slow_15,slow_20,slow_25,slow_30,slow_35,slow_40,slow_45,slow_50,slow_55
slow_0,slow_5,slow_10,slow_15,slow_20,slow_25,slow_30,slow_35,slow_40,slow_45,slow_50,slow_55
slow_0,slow_5,slow_10,slow_15,slow_20,slow_25,slow_30,slow_35,slow_40,slow_45,slow_50,slow_55
slow_0,slow_5,slow_10,slow_15,slow_20,slow_25,slow_30,slow_35,slow_40,slow_45,slow_50,slow_55
slow_0,slow_5,slow_10,slow_15,slow_20,slow_25,slow_30,slow_35,slow_40,slow_45,slow_50,slow_55
slow_0,slow_5,slow_10,slow_15,slow_20,slow_25,slow_30,slow_35,slow_40,slow_45,slow_50,slow_55
slow_0,slow_5,slow_10,slow_15,slow_20,slow_25,slow_30,slow_35,slow_40,slow_45,slow_50,slow_55
slow_0,slow_5,slow_10,slow_15,slow_20,slow_25,slow_30,slow_35,slow_40,slow_45,slow_50,slow_55
slow_0,slow_5,slow_10,slow_15,slow_20,slow_25,slow_30,slow_35,slow_40,slow_45,slow_50,slow_55
slow_0,slow_5,slow_10,slow_15,slow_20,slow_25,slow_30,slow_35,slow_40,slow_45,slow_50,slow_55
slow_0,slow_5,slow_10,slow_15,slow_20,slow_25,slow_30,slow_35,slow_40,slow_45,slow_50,slow_55
slow_0,slow_5,slow_10,slow_15,slow_20,slow_25,slow_30,slow_35,slow_40,slow_45,slow_50,slow_55
slow_0,slow_5,slow_10,slow_15,slow_20,slow_25,slow_30,slow_35,slow_40,slow_45,slow_50,slow_55
slow_0,slow_5,slow_10,slow_15,slow_20,slow_25,slow_30,slow_35,slow_40,slow_45,slow_50,slow_55
slow_0,slow_5,slow_10,slow_15,slow_20,slow_25,slow_30,slow_35,slow_40,slow_45,slow_50,slow_55
slow_0,slow_5,slow_10,slow_15,slow_20,slow_25,slow_30,slow_35,slow_40,slow_45,slow_50,slow_55
slow_0,slow_5,slow_10,slow_15,slow_20,slow_25,slow_30,slow_35,slow_40,slow_45,slow_50,slow_55
slow_0,slow_5,slow_10,slow_15,slow_20,slow_25,slow_30,slow_35,slow_40,slow_45,slow_50,slow_55
slow_0,slow_5,slow_10,slow_15,slow_20,slow_25,slow_30,slow_35,slow_40,slow_45,slow_50,slow_55
slow_0,slow_5,slow_10,slow_15,slow_20,slow_25,slow_30,slow_35,slow_40,slow_45,slow_50,slow_55
slow_0,slow_5,slow_10,slow_15,slow_20,slow_25,slow_30,slow_35,slow_40,slow_45,slow_50,slow_55
slow_0,slow_5,slow_10,slow_15,slow_20,slow_25,slow_30,slow_35,slow_40,slow_45,slow_50,slow_55
slow_0,slow_5,slow_10,slow_15,slow_20,slow_25,slow_30,slow_35,slow_40,slow_45,slow_50,slow_55
slow_0,slow_5,slow_10,slow_15,slow_20,slow_25,slow_30,slow_35,slow_40,slow_45,slow_50,slow_55
slow_0,slow_5,slow_10,slow_15,slow_20,slow_25,slow_30,slow_35,slow_40,slow_45,slow_50,slow_55
slow_0,slow_5,slow_10,slow_15,slow_20,slow_25,slow_30,slow_35,slow_40,slow_45,slow_50,slow_55
slow_0,slow_5,slow_10,slow_15,slow_20,slow_25,slow_30,slow_35,slow_40,slow_45,slow_50,slow_55
slow_0,slow_5,slow_10,slow_15,slow_20,slow_25,slow_30,slow_35,slow_40,slow_45,slow_50,slow_55
slow_0,slow_5,slow_10,slow_15,slow_20,slow_25,slow_30,slow_35,slow_40,slow_45,slow_50,slow_55
slow_0,slow_5,slow_10,slow_15,slow_20,slow_25,slow_30,slow_35,slow_40,slow_45,slow_50,slow_55
slow_0,slow_5,slow_10,slow_15,slow_20,slow_25,slow_30,slow_35,slow_40,slow_45,slow_50,slow_55
slow_0,slow_5,slow_10,slow_15,slow_20,slow_25,slow_30,slow_35,slow_40,slow_45,slow_50,slow_55
slow_0,slow_5,slow_10,slow_15,slow_20,slow_25,slow_30,slow_35,slow_40,slow_45,slow_50,slow_55
slow_0,slow_5,slow_10,slow_15,slow_20,slow_25,slow_30,slow_35,slow_40,slow_45,slow_50,slow_55
slow_0,slow_5,slow_10,slow_15,slow_20,slow_25,slow_30,slow_35,slow_40,slow_45,slow_50,slow_55
slow_0,slow_5,slow_10,slow_15,slow_20,slow_25,slow_30,slow_35,slow_40,slow_45,slow_50,slow_55
slow_0,slow_5,slow_10,slow_15,slow_20,slow_25,slow_30,slow_35,slow_40,slow_45,slow_50,slow_55
slow_0,slow_5,slow_10,slow_15,slow_20,slow_25,slow_30,slow_35,slow_40,slow_45,slow_50,slow_55
slow_0,slow_5,slow_10,slow_15,slow_20,slow_25,slow_30,slow_35,slow_40,slow_45,slow_50,slow_55
slow_0,slow_5,slow_10,slow_15,slow_20,slow_25,slow_30,slow_35,slow_40,slow_45,slow_50,slow_55
slow_0,slow_5,slow_10,slow_15,slow_20,slow_25,slow_30,slow_35,slow_40,slow_45,slow_50,slow_55
slow_0,slow_5,slow_10,slow_15,slow_20,slow_25,slow_30,slow_35,slow_40,slow_45,slow_50,slow_55
slow_0,slow_5,slow_10,slow_15,slow_20,slow_25,slow_30,slow_35,slow_40,slow_45,slow_50,slow_55
slow_0,slow_5,slow_10,slow_15,slow_20,slow_25,slow_30,slow_35,slow_40,slow_45,slow_50,slow_55
slow_0,slow_5,slow_10,slow_15,slow_20,slow_25,slow_30,slow_35,slow_40,slow_45,slow_50,slow_55
slow_0,slow_5,slow_10,slow_15,slow_20,slow_25,slow_30,slow_35,slow_40,slow_45,slow_50,slow_55
slow_0,slow_5,slow_10,slow_15,slow_20,slow_25,slow_30,slow_35,slow_40,slow_45,slow_50,slow_55
slow_0,slow_5,slow_10,slow_15,slow_20,slow_25,slow_30,slow_35,slow_40,slow_45,slow_50,slow_55
slow_0,slow_5,slow_10,slow_15,slow_20,slow_25,slow_30,slow_35,slow_40,slow_45,slow_50,slow_55
slow_0,slow_5,slow_10,slow_15,slow_20,slow_25,slow_30,slow_35,slow_40,slow_45,slow_50,slow_55
slow_0,slow_5,slow_10,slow_15,slow_20,slow_25,slow_30,slow_35,slow_40,slow_45,slow_50,slow_55
slow_0,slow_5,slow_10,slow_15,slow_20,slow_25,slow_30,slow_35,slow_40,slow_45,slow_50,slow_55
slow_0,slow_5,slow_10,slow_15,slow_20,slow_25,slow_30,slow_35,slow_40,slow_45,slow_50,slow_55
slow_0,slow_5,slow_10,slow_15,slow_20,slow_25,slow_30,slow_35,slow_40,slow_45,slow_50,slow_55
slow_0,slow_5,slow_10,slow_15,slow_20,slow_25,slow_30,slow_35,slow_40,slow_45,slow_50,slow_55
slow_0,slow_5,slow_10,slow_15,slow_20,slow_25,slow_30,slow_35,slow_40,slow_45,slow_50,slow_55
slow_0,slow_5,slow_10,slow_15,slow_20,slow_25,slow_30,slow_35,slow_40,slow_45,slow_50,slow_55
slow_0,slow_5,slow_10,slow_15,slow_20,slow_25,slow_30,slow_35,slow_40,slow_45,slow_50,slow_55
slow_0,slow_5,slow_10,slow_15,slow_20,slow_25,slow_30,slow_35,slow_40,slow_45,slow_50,slow_55
slow_0,slow_5,slow_10,slow_15,slow_20,slow_25,slow_30,slow_35,slow_40,slow_45,slow_50,slow_55
slow_0,slow_5,slow_10,slow_15,slow_20,slow_25,slow_30,slow_35,slow_40,slow_45,slow_50,slow_55
slow_0,slow_5,slow_10,slow_15,slow_20,slow_25,slow_30,slow_35,slow_40,slow_45,slow_50,slow_55
slow_0,slow_5,slow_10,slow_15,slow_20,slow_25,slow_30,slow_35,slow_40,slow_45,slow_50,slow_55
slow_0,slow_5,slow_10,slow_15,slow_20,slow_25,slow_30,slow_35,slow_40,slow_45,slow_50,slow_55
slow_0,slow_5,slow_10,slow_15,slow_20,slow_25,slow_30,slow_35,slow_40,slow_45,slow_50,slow_55
slow_0,slow_5,slow_10,slow_15,slow_20,slow_25,slow_30,slow_35,slow_40,slow_45,slow_50,slow_55
slow_0,slow_5,slow_10,slow_15,slow_20,slow_25,slow_30,slow_35,slow_40,slow_45,slow_50,slow_55
slow_0,slow_5,slow_10,slow_15,slow_20,slow_25,slow_30,slow_35,slow_40,slow_45,slow_50,slow_55
slow_0,slow_5,slow_10,slow_15,slow_20,slow_25,slow_30,slow_35,slow_40,slow_45,slow_50,slow_55
slow_0,slow_5,slow_10,slow_15,slow_20,slow_25,slow_30,slow_35,slow_40,slow_45,slow_50,slow_55
slow_0,slow_5,slow_10,slow_15,slow_20,slow_25,slow_30,slow_35,slow_40,slow_45,slow_50,slow_55
slow_0,slow_5,slow_10,slow_15,slow_20,slow_25,slow_30,slow_35,slow_40,slow_45,slow_50,slow_55
slow_0,slow_5,slow_10,slow_15,slow_20,slow_25,slow_30,slow_35,slow_40,slow_45,slow_50,slow_55
slow_0,slow_5,slow_10,slow_15,slow_20,slow_25,slow_30,slow_35,slow_40,slow_45,slow_50,slow_55
slow_0,slow_5,slow_10,slow_15,slow_20,slow_25,slow_30,slow_35,slow_40,slow_45,slow_50,slow_55
slow_0,slow_5,slow_10,slow_15,slow_20,slow_25,slow_30,slow_35,slow_40,slow_45,slow_50,slow_55
slow_0,slow_5,slow_10,slow_15,slow_20,slow_25,slow_30,slow_35,slow_40,slow_45,slow_50,slow_55
slow_0,slow_5,slow_10,slow_15,slow_20,slow_25,slow_30,slow_35,slow_40,slow_45,slow_50,slow_55
slow_0,slow_5,slow_10,slow_15,slow_20,slow_25,slow_30,slow_35,slow_40,slow_45,slow_50,slow_55
slow_0,slow_5,slow_10,slow_15,slow_20,slow_25,slow_30,slow_35,slow_40,slow_45,slow_50,slow_55
slow_0,slow_5,slow_10,slow_15,slow_20,slow_25,slow_30,slow_35,slow_40,slow_45,slow_50,slow_55
slow_0,slow_5,slow_10,slow_15,slow_20,slow_25,slow_30,slow_35,slow_40,slow_45,slow_50,slow_55
slow_0,slow_5,slow_10,slow_15,slow_20,slow_25,slow_30,slow_35,slow_40,slow_45,slow_50,slow_55
slow_0,slow_5,slow_10,slow_15,slow_20,slow_25,slow_30,slow_35,slow_40,slow_45,slow_50,slow_55
slow_0,slow_5,slow_10,slow_15,slow_20,slow_25,slow_30,slow_35,slow_40,slow_45,slow_50,slow_55
slow_0,slow_5,slow_10,slow_15,slow_20,slow_25,slow_30,slow_35,slow_40,slow_45,slow_50,slow_55
slow_0,slow_5,slow_10,slow_15,slow_20,slow_25,slow_30,slow_35,slow_40,slow_45,slow_50,slow_55
slow_0,slow_5,slow_10,slow_15,slow_20,slow_25,slow_30,slow_35,slow_40,slow_45,slow_50,slow_55
slow_0,slow_5,slow_10,slow_15,slow_20,slow_25,slow_30,slow_35,slow_40,slow_45,slow_50,slow_55
slow_0,slow_5,slow_10,slow_15,slow_20,slow_25,slow_30,slow_35,slow_40,slow_45,slow_50,slow_55
slow_0,slow_5,slow_10,slow_15,slow_20,slow_25,slow_30,slow_35,slow_40,slow_45,slow_50,slow_55
slow_0,slow_5,slow_10,slow_15,slow_20,slow_25,slow_30,slow_35,slow_40,slow_45,slow_50,slow_55
slow_0,slow_5,slow_10,slow_15,slow_20,slow_25,slow_30,slow_35,slow_40,slow_45,slow_50,slow_55
slow_0,slow_5,slow_10,slow_15,slow_20,slow_25,slow_30,slow_35,slow_40,slow_45,slow_50,slow_55
slow_0,slow_5,slow_10,slow_15,slow_20,slow_25,slow_30,slow_35,slow_40,slow_45,slow_50,slow_55
slow_0,slow_5,slow_10,slow_15,slow_20,slow_25,slow_30,slow_35,slow_40,slow_45,slow_50,slow_55
slow_0,slow_5,slow_10,slow_15,slow_20,slow_25,slow_30,slow_35,slow_40,slow_45,slow_50,slow_55
slow_0,slow_5,slow_10,slow_15,slow_20,slow_25,slow_30,slow_35,slow_40,slow_45,slow_50,slow_55
slow_0,slow_5,slow_10,slow_15,slow_20,slow_25,slow_30,slow_35,slow_40,slow_45,slow_50,slow_55
slow_0,slow_5,slow_10,slow_15,slow_20,slow_25,slow_30,slow_35,slow_40,slow_45,slow_50,slow_55
slow_0,slow_5,slow_10,slow_15,slow_20,slow_25,slow_30,slow_35,slow_40,slow_45,slow_50,slow_55
slow_0,slow_5,slow_10,slow_15,slow_20,slow_25,slow_30,slow_35,slow_40,slow_45,slow_50,slow_55
slow_0,slow_5,slow_10,slow_15,slow_20,slow_25,slow_30,slow_35,slow_40,slow_45,slow_50,slow_55
slow_0,slow_5,slow_10,slow_15,slow_20,slow_25,slow_30,slow_35,slow_40,slow_45,slow_50,slow_55
slow_0,slow_5,slow_10,slow_15,slow_20,slow_25,slow_30,slow_35,slow_40,slow_45,slow_50,slow_55
slow_0,slow_5,slow_10,slow_15,slow_20,slow_25,slow_30,slow_35,slow_40,slow_45,slow_50,slow_55
slow_0,slow_5,slow_10,slow_15,slow_20,slow_25,slow_30,slow_35,slow_40,slow_45,slow_50,slow_55
slow_0,slow_5,slow_10,slow_15,slow_20,slow_25,slow_30,slow_35,slow_40,slow_45,slow_50,slow_55
slow_0,slow_5,slow_10,slow_15,slow_20,slow_25,slow_30,slow_35,slow_40,slow_45,slow_50,slow_55
slow_0,slow_5,slow_10,slow_15,slow_20,slow_25,slow_30,slow_35,slow_40,slow_45,slow_50,slow_55
slow_0,slow_5,slow_10,slow_15,slow_20,slow_25,slow_30,slow_35,slow_40,slow_45,slow_50,slow_55
slow_0,slow_5,slow_10,slow_15,slow_20,slow_25,slow_30,slow_35,slow_40,slow_45,slow_50,slow_55
slow_0,slow_5,slow_10,slow_15,slow_20,slow_25,slow_30,slow_35,slow_40,slow_45,slow_50,slow_55
slow_0,slow_5,slow_10,slow_15,slow_20,slow_25,slow_30,slow_35,slow_40,slow_45,slow_50,slow_55
slow_0,slow_5,slow_10,slow_15,slow_20,slow_25,slow_30,slow_35,slow_40,slow_45,slow_50,slow_55
slow_0,slow_5,slow_10,slow_15,slow_20,slow_25,slow_30,slow_35,slow_40,slow_45,slow_50,slow_55
slow_0,slow_5,slow_10,slow_15,slow_20,slow_25,slow_30,slow_35,slow_40,slow_45,slow_50,slow_55
slow_0,slow_5,slow_10,slow_15,slow_20,slow_25,slow_30,slow_35,slow_40,slow_45,slow_50,slow_55
slow_0,slow_5,slow_10,slow_15,slow_20,slow_25,slow_30,slow_35,slow_40,slow_45,slow_50,slow_55
slow_0,slow_5,slow_10,slow_15,slow_20,slow_25,slow_30,slow_35,slow_40,slow_45,slow_50,slow_55
slow_0,slow_5,slow_10,slow_15,slow_20,slow_25,slow_30,slow_35,slow_40,slow_45,slow_50,slow_55
slow_0,slow_5,slow_10,slow_15,slow_20,slow_25,slow_30,slow_35,slow_40,slow_45,slow_50,slow_55
slow_0,slow_5,slow_10,slow_15,slow_20,slow_25,slow_30,slow_35,slow_40,slow_45,slow_50,slow_55
slow_0,slow_5,slow_10,slow_15,slow_20,slow_25,slow_30,slow_35,slow_40,slow_45,slow_50,slow_55
slow_0,slow_5,slow_10,slow_15,slow_20,slow_25,slow_30,slow_35,slow_40,slow_45,slow_50,slow_55
slow_0,slow_5,slow_10,slow_15,slow_20,slow_25,slow_30,slow_35,slow_40,slow_45,slow_50,slow_55
slow_0,slow_5,slow_10,slow_15,slow_20,slow_25,slow_30,slow_35,slow_40,slow_45,slow_50,slow_55
slow_0,slow_5,slow_10,slow_15,slow_20,slow_25,slow_30,slow_35,slow_40,slow_45,slow_50,slow_55
slow_0,slow_5,slow_10,slow_15,slow_20,slow_25,slow_30,slow_35,slow_40,slow_45,slow_50,slow_55
slow_0,slow_5,slow_10,slow_15,slow_20,slow_25,slow_30,slow_35,slow_40,slow_45,slow_50,slow_55
slow_0,slow_5,slow_10,slow_15,slow_20,slow_25,slow_30,slow_35,slow_40,slow_45,slow_50,slow_55
slow_0,slow_5,slow_10,slow_15,slow_20,slow_25,slow_30,slow_35,slow_40,slow_45,slow_50,slow_55
slow_0,slow_5,slow_10,slow_15,slow_20,slow_25,slow_30,slow_35,slow_40,slow_45,slow_50,slow_55
slow_0,slow_5,slow_10,slow_15,slow_20,slow_25,slow_30,slow_35,slow_40,slow_45,slow_50,slow_55
slow_0,slow_5,slow_10,slow_15,slow_20,slow_25,slow_30,slow_35,slow_40,slow_45,slow_50,slow_55
slow_0,slow_5,slow_10,slow_15,slow_20,slow_25,slow_30,slow_35,slow_40,slow_45,slow_50,slow_55
slow_0,slow_5,slow_10,slow_15,slow_20,slow_25,slow_30,slow_35,slow_40,slow_45,slow_50,slow_55
slow_0,slow_5,slow_10,slow_15,slow_20,slow_25,slow_30,slow_35,slow_40,slow_45,slow_50,slow_55
slow_0,slow_5,slow_10,slow_15,slow_20,slow_25,slow_30,slow_35,slow_40,slow_45,slow_50,slow_55
slow_0,slow_5,slow_10,slow_15,slow_20,slow_25,slow_30,slow_35,slow_40,slow_45,slow_50,slow_55
slow_0,slow_5,slow_10,slow_15,slow_20,slow_25,slow_30,slow_35,slow_40,slow_45,slow_50,slow_55
slow_0,slow_5,slow_10,slow_15,slow_20,slow_25,slow_30,slow_35,slow_40,slow_45,slow_50,slow_55
slow_0,slow_5,slow_10,slow_15,slow_20,slow_25,slow_30,slow_35,slow_40,slow_45,slow_50,slow_55
slow_0,slow_5,slow_10,slow_15,slow_20,slow_25,slow_30,slow_35,slow_40,slow_45,slow_50,slow_55
slow_0,slow_5,slow_10,slow_15,slow_20,slow_25,slow_30,slow_35,slow_40,slow_45,slow_50,slow_55
slow_0,slow_5,slow_10,slow_15,slow_20,slow_25,slow_30,slow_35,slow_40,slow_45,slow_50,slow_55
slow_0,slow_5,slow_10,slow_15,slow_20,slow_25,slow_30,slow_35,slow_40,slow_45,slow_50,slow_55
slow_0,slow_5,slow_10,slow_15,slow_20,slow_25,slow_30,slow_35,slow_40,slow_45,slow_50,slow_55
slow_0,slow_5,slow_10,slow_15,slow_20,slow_25,slow_30,slow_35,slow_40,slow_45,slow_50,slow_55
slow_0,slow_5,slow_10,slow_15,slow_20,slow_25,slow_30,slow_35,slow_40
slow_10,slow_15,slow_20,slow_25,slow_30,slow_35
slow_25,slow_30,slow_35,slow_40,slow_45,slow_50,slow_55
slow_0,slow_5,slow_10,slow_15,fast_20,slow_25,slow_30,slow_35,slow_40,slow_45,slow_50,slow_55
slow_0,slow_5,slow_10,slow_15,slow_20,slow_25,slow_30,slow_35,slow_40,slow_45,slow_50,slow_55
slow_0,slow_5,slow_10,slow_15,slow_20,slow_25,slow_30,slow_35,slow_40,slow_45,slow_50,slow_55
slow_0,slow_5,slow_10,slow_15,slow_20,slow_25,slow_30,slow_35,slow_40,slow_45,slow_50,slow_55
slow_0,slow_5,slow_10,slow_15,slow_20,slow_25,slow_30,slow_35,slow_40,slow_45,slow_50,slow_55
slow_0,slow_5,slow_10,slow_15,slow_20,slow_25,slow_30,slow_35,slow_40,slow_45,slow_50,slow_55
slow_0,slow_5,slow_10,slow_15,slow_20,slow_25,slow_30,slow_35,slow_40,slow_45,slow_50,slow_55
slow_0,slow_5,slow_10,slow_15,slow_20,slow_25,slow_30,slow_35,slow_40,slow_45,slow_50,slow_55
slow_0,slow_5,slow_10,slow_15,slow_20,slow_25,slow_30,slow_35,slow_40,slow_45,slow_50,slow_55
slow_0,slow_5,slow_10,slow_15,slow_20,slow_25,slow_30,slow_35,slow_40,slow_45,slow_50,slow_55
slow_0,slow_5,slow_10,slow_15,slow_20,slow_25,slow_30,slow_35,slow_40,slow_45,slow_50,slow_55
slow_0,slow_5,slow_10,slow_15,slow_20,slow_25,slow_30,slow_35,slow_40,slow_45,slow_50,slow_55
slow_0,slow_5,slow_10,slow_15,slow_20,slow_25,slow_30,slow_35,slow_40,slow_45,slow_50,slow_55
slow_0,slow_5,slow_10,slow_15,slow_20,slow_25,slow_30,slow_35,slow_40,slow_45,slow_50,slow_55
slow_0,slow_5,slow_10,slow_15,slow_20,slow_25,slow_30,slow_35,slow_40,slow_45,slow_50,slow_55
slow_0,slow_5,slow_10,slow_15,slow_20,slow_25,slow_30,slow_35,slow_40,slow_45,slow_50,slow_55
slow_0,slow_5,slow_10,slow_15,slow_20,slow_25,slow_30,slow_35,slow_40,slow_45,slow_50,slow_55
slow_0,slow_5,slow_10,slow_15,slow_20,slow_25,slow_30,slow_35,slow_40,slow_45,slow_50,slow_55
slow_0,slow_5,slow_10,slow_15,slow_20,slow_25,slow_30,slow_35,slow_40,slow_45,slow_50,slow_55
slow_0,slow_5,slow_10,slow_15,slow_20,slow_25,slow_30,slow_35,slow_40,slow_45,slow_50,slow_55
slow_0,slow_5,slow_10,slow_15,slow_20,slow_25,slow_30,slow_35,slow_40,slow_45,slow_50,slow_55
slow_0,slow_5,slow_10,slow_15,slow_20,slow_25,slow_30,slow_35,slow_40,slow_45,slow_50,slow_55
slow_0,slow_5,slow_10,slow_15,slow_20,slow_25,slow_30,slow_35,slow_40,slow_45,slow_50,slow_55
slow_0,slow_5,slow_10,slow_15,slow_20,slow_25,slow_30,slow_35,slow_40,slow_45,slow_50,slow_55
slow_0,slow_5,slow_10,slow_15,slow_20,slow_25,slow_30,slow_35,slow_40,slow_45,slow_50,slow_55
slow_0,slow_5,slow_10,slow_15,slow_20,slow_25,slow_30,slow_35,fast_40,fast_45,fast_50,slow_55
slow_0,slow_5,slow_10,slow_15,slow_20,slow_25,slow_30,slow_35,slow_40,slow_45,slow_50,slow_55
slow_0,slow_5,slow_10,slow_15,slow_20,slow_25,slow_30,slow_35,slow_40,slow_45,slow_50,slow_55
slow_0,slow_5,slow_10,slow_15,slow_20,slow_25,slow_30,slow_35,slow_40,slow_45,slow_50,slow_55
slow_0,slow_5,slow_10,slow_15,slow_20,slow_25,slow_30,slow_35,slow_40,slow_45,slow_50,slow_55
slow_0,slow_5,slow_10,slow_15,slow_20,slow_25,slow_30,slow_35,slow_40,slow_45,slow_50,slow_55
slow_0,slow_5,slow_10,slow_15,slow_20,slow_25,slow_30,slow_35,slow_40,slow_45,slow_50,slow_55
slow_0,slow_5,slow_10,slow_15,slow_20,slow_25,slow_30,slow_35,slow_40,slow_45,slow_50,slow_55
slow_0,slow_5,slow_10,slow_15,slow_20,slow_25,slow_30,slow_35,slow_40,slow_45,slow_50,slow_55
slow_0,slow_5,slow_10,slow_15,slow_20,slow_25,slow_30,slow_35,slow_40,slow_45,slow_50,slow_55
slow_0,slow_5,slow_10,slow_15,slow_20,slow_25,slow_30,slow_35,slow_40,slow_45,slow_50,slow_55
slow_0,slow_5,slow_10,slow_15,slow_20,slow_25,slow_30,slow_35,slow_40,slow_45,slow_50,slow_55
slow_0,slow_5,slow_10,slow_15,slow_20,slow_25,slow_30,slow_35,slow_40,slow_45,slow_50,slow_55
slow_0,slow_5,slow_10,slow_15,slow_20,slow_25,slow_30,slow_35,slow_40,slow_45,slow_50,slow_55
slow_0,slow_5,slow_10,slow_15,slow_20,slow_25,slow_30,slow_35,slow_40,slow_45,slow_50,slow_55
slow_0,slow_5,slow_10,slow_15,slow_20,slow_25,slow_30,slow_35,slow_40,slow_45,slow_50,slow_55
slow_0,slow_5,slow_10,slow_15,slow_20,slow_25,slow_30,slow_35,slow_40,slow_45,slow_50,slow_55
slow_0,slow_5,slow_10,slow_15,slow_20,slow_25,slow_30,slow_35,slow_40,slow_45,slow_50,slow_55
slow_0,slow_5,slow_10,slow_15,slow_20,slow_25,slow_30,slow_35,slow_40,slow_45,slow_50,slow_55
slow_0,slow_5,slow_10,slow_15,slow_20,slow_25,slow_30,slow_35,slow_40,slow_45,slow_50,slow_55
slow_0,slow_5,slow_10,slow_15,slow_20,slow_25,slow_30,slow_35,slow_40,slow_45,slow_50,slow_55
slow_0,slow_5,slow_10,slow_15,slow_20,slow_25,slow_30,slow_35,slow_40,slow_45,slow_50,slow_55
slow_0,slow_5,slow_10,slow_15,slow_20,slow_25,slow_30,slow_35,slow_40,slow_45,slow_50,slow_55
slow_0,slow_5,slow_10,slow_15,slow_20,slow_25,slow_30,slow_35,slow_40,slow_45,slow_50,slow_55
slow_0,slow_5,slow_10,slow_15,slow_20,slow_25,slow_30,slow_35,slow_40,slow_45,slow_50,slow_55
slow_0,slow_5,slow_10,slow_15,slow_20,slow_25,slow_30,slow_35,slow_40,slow_45,slow_50,slow_55
slow_0,slow_5,slow_10,slow_15,slow_20,slow_25,slow_30,slow_35,slow_40,slow_45,slow_50,slow_55
slow_0,slow_5,slow_10,slow_15,slow_20,slow_25,slow_30,slow_35,slow_40,slow_45,slow_50,slow_55
slow_0,slow_5,slow_10,slow_15,slow_20,slow_25,slow_30,slow_35,slow_40,slow_45,slow_50,slow_55
slow_0,slow_5,slow_10,slow_15,slow_20,slow_25,slow_30,slow_35,slow_40,slow_45,slow_50,slow_55
slow_0,slow_5,slow_10,slow_15,slow_20,slow_25,slow_30,slow_35,slow_40,slow_45,slow_50,slow_55
slow_0,slow_5,slow_10,slow_15,slow_20,slow_25,slow_30,slow_35,slow_40,slow_45,slow_50,slow_55
slow_0,slow_5,slow_10,slow_15,slow_20,slow_25,slow_30,slow_35,slow_40,slow_45,slow_50,slow_55
slow_0,slow_5,slow_10,slow_15,slow_20,slow_25,slow_30,slow_35,slow_40,slow_45,slow_50,slow_55
slow_0,slow_5,slow_10,slow_15,slow_20,slow_25,slow_30,slow_35,slow_40,slow_45,slow_50,slow_55
slow_0,slow_5,slow_10,slow_15,slow_20,slow_25,slow_30,slow_35,slow_40,slow_45,slow_50,slow_55
slow_0,slow_5,slow_10,slow_15,slow_20,slow_25,slow_30,slow_35,slow_40,slow_45,slow_50,slow_55
slow_0,slow_5,slow_10,slow_15,slow_20,slow_25,slow_30,slow_35,slow_40,slow_45,slow_50,slow_55
slow_0,slow_5,slow_10,slow_15,slow_20,slow_25,slow_30,slow_35,slow_40,slow_45,slow_50,slow_55
slow_0,slow_5,slow_10,slow_15,slow_20,slow_25,slow_30,slow_35,slow_40,slow_45,slow_50,slow_55
slow_0,slow_5,slow_10,slow_15,slow_20,slow_25,slow_30,slow_35,slow_40,slow_45,slow_50,slow_55
slow_0,slow_5,slow_10,slow_15,slow_20,slow_25,slow_30,slow_35,slow_40,slow_45,slow_50,slow_55
slow_0,slow_5,slow_10,slow_15,slow_20,slow_25,slow_30,slow_35,slow_40,slow_45,slow_50,slow_55
slow_0,slow_5,slow_10,slow_15,slow_20,slow_25,slow_30,slow_35,slow_40,slow_45,slow_50,slow_55
slow_0,slow_5,slow_10,slow_15,slow_20,slow_25,slow_30,slow_35,slow_40,slow_45,slow_50,slow_55
slow_0,slow_5,slow_10,slow_15,slow_20,slow_25,slow_30,slow_35,slow_40,slow_45,slow_50,slow_55
slow_0,slow_5,slow_10,slow_15,slow_20,slow_25,slow_30,slow_35,slow_40,slow_45,slow_50,slow_55
slow_0,slow_5,slow_10,slow_15,slow_20,slow_25,slow_30,slow_35,slow_40,slow_45,slow_50,slow_55
slow_0,slow_5,slow_10,slow_15,slow_20,slow_25,slow_30,slow_35,slow_40,slow_45,slow_50,slow_55
slow_0,slow_5,slow_10,slow_15,slow_20,slow_25,slow_30,slow_35,slow_40,slow_45,slow_50,slow_55
slow_0,slow_5,slow_10,slow_15,slow_20,slow_25,slow_30,slow_35,slow_40,slow_45,slow_50,slow_55
slow_0,slow_5,slow_10,slow_15,slow_20,slow_25,slow_30,slow_35,slow_40,slow_45,slow_50,slow_55
slow_0,slow_5,slow_10,slow_15,slow_20,slow_25,slow_30,slow_35,slow_40,slow_45,slow_50,slow_55
slow_0,slow_5,slow_10,slow_15,slow_20,slow_25,slow_30,slow_35,slow_40,slow_45,slow_50,slow_55
slow_0,slow_5,slow_10,slow_15,slow_20,slow_25,slow_30,slow_35,slow_40,slow_45,slow_50,slow_55
slow_0,slow_5,slow_10,slow_15,slow_20,slow_25,slow_30,slow_35,slow_40,slow_45,slow_50,slow_55
slow_0,slow_5,slow_10,slow_15,slow_20,slow_25,slow_30,slow_35,slow_40,slow_45,slow_50,slow_55
slow_0,slow_5,slow_10,slow_15,slow_20,slow_25,slow_30,slow_35,slow_40,slow_45,slow_50,slow_55
slow_0,slow_5,slow_10,slow_15,slow_20,slow_25,slow_30,slow_35,slow_40,slow_45,slow_50,slow_55
slow_0,slow_5,slow_10,slow_15,slow_20,slow_25,slow_30,slow_35,slow_40,slow_45,slow_50,slow_55
slow_0,slow_5,slow_10,slow_15,slow_20,slow_25,slow_30,slow_35,slow_40,slow_45,slow_50,slow_55
slow_0,slow_5,slow_10,slow_15,slow_20,slow_25,slow_30,slow_35,slow_40,slow_45,slow_50,slow_55
slow_0,slow_5,slow_10,slow_15,slow_20,slow_25,slow_30,slow_35,slow_40,slow_45,slow_50,slow_55
slow_0,slow_5,slow_10,slow_15,slow_20,slow_25,slow_30,slow_35,slow_40,slow_45,slow_50,slow_55
slow_0,slow_5,slow_10,slow_15,slow_20,slow_25,slow_30,slow_35,slow_40,slow_45,slow_50,slow_55
slow_0,slow_5,slow_10,slow_15,slow_20,slow_25,slow_30,slow_35,slow_40,slow_45,slow_50,slow_55
slow_0,slow_5,slow_10,slow_15,slow_20,slow_25,slow_30,slow_35,slow_40,slow_45,slow_50,slow_55
slow_5,slow_10,slow_15,slow_20,slow_25
slow_20,slow_25,slow_30,slow_35,slow_40,slow_45,slow_50,slow_55
slow_0,slow_5,slow_10,slow_15,slow_20,slow_25,slow_30,slow_35,slow_40,slow_45,slow_50,slow_55
slow_0,slow_5,slow_10,slow_15,slow_20,slow_25,slow_30,slow_35,slow_40,slow_45,slow_50,slow_55
slow_0,slow_5,slow_10,slow_15,slow_20,slow_25,slow_30,slow_35,slow_40,slow_45,slow_50,slow_55
slow_0,slow_5,slow_10,slow_15,slow_20,slow_25,slow_30,slow_35,slow_40,slow_45,slow_50,slow_55
slow_0,slow_5,slow_10,slow_15,slow_20,slow_25,slow_30,slow_35,slow_40,slow_45,slow_50,slow_55
slow_0,slow_5,slow_10,slow_15,slow_20,slow_25,slow_30,slow_35,slow_40,slow_45,slow_50,slow_55
slow_0,slow_5,slow_10,slow_15,slow_20,slow_25,slow_30,slow_35,slow_40,slow_45,slow_50,slow_55
slow_0,slow_5,slow_10,slow_15,slow_20,slow_25,slow_30,slow_35,slow_40,slow_45,slow_50,slow_55
slow_0,slow_5,slow_10,slow_15,slow_20,slow_25,slow_30,slow_35,slow_40,slow_45,slow_50,slow_55
slow_0,slow_5,slow_10,slow_15,slow_20,slow_25,slow_30,slow_35,slow_40,slow_45,slow_50,slow_55
slow_0,slow_5,slow_10,slow_15,slow_20,slow_25,slow_30,slow_35,slow_40,slow_45,slow_50,slow_55
slow_0,slow_5,slow_10,slow_15,slow_20,slow_25,slow_30,slow_35,slow_40,slow_45,slow_50,slow_55
slow_0,slow_5,slow_10,slow_15,slow_20,slow_25,slow_30,slow_35,slow_40,slow_45,slow_50,slow_55
slow_0,slow_5,slow_10,slow_15,slow_20,slow_25,slow_30,slow_35,slow_40,slow_45,slow_50,slow_55
slow_0,slow_5,slow_10,slow_15,slow_20,slow_25,slow_30,slow_35,slow_40,slow_45,slow_50,slow_55
slow_0,slow_5,slow_10,slow_15,slow_20,slow_25,slow_30,slow_35,slow_40,slow_45,slow_50,slow_55
slow_0,slow_5,slow_10,slow_15,slow_20,slow_25,slow_30,slow_35,slow_40,slow_45,slow_50,slow_55
slow_0,slow_5,slow_10,slow_15,slow_20,slow_25,slow_30,slow_35,slow_40,slow_45,slow_50,slow_55
slow_0,slow_5,slow_10,slow_15,slow_20,slow_25,slow_30,slow_35,slow_40,slow_45,slow_50,slow_55
slow_0,slow_5,slow_10,slow_15,slow_20,slow_25,slow_30,slow_35,slow_40,slow_45,slow_50,slow_55
slow_0,slow_5,slow_10,slow_15,slow_20,slow_25,slow_30,slow_35,slow_40,slow_45,slow_50,slow_55
slow_0,slow_5,slow_10,slow_15,slow_20,slow_25,slow_30,slow_35,slow_40,slow_45,slow_50,slow_55
slow_0,slow_5,slow_10,slow_15,slow_20,slow_25,slow_30,slow_35,slow_40,slow_45,slow_50,slow_55
slow_0,slow_5,slow_10,slow_15,slow_20,slow_25,slow_30,slow_35,slow_40,slow_45,slow_50,slow_55
slow_0,slow_5,slow_10,slow_15,slow_20,slow_25,slow_30,slow_35,slow_40,slow_45,slow_50,slow_55
slow_0,slow_5,slow_10,slow_15,slow_20,slow_25,slow_30,slow_35,slow_40,slow_45,slow_50,slow_55
slow_0,slow_5,slow_10,slow_15,slow_20,slow_25,slow_30,slow_35,slow_40,slow_45,slow_50,slow_55
slow_0,slow_5,slow_10,slow_15,slow_20,slow_25,slow_30,slow_35,slow_40,slow_45,slow_50,slow_55
slow_0,slow_5,slow_10,slow_15,slow_20,slow_25,slow_30,slow_35,slow_40,slow_45,slow_50,slow_55
slow_0,slow_5,slow_10,slow_15,slow_20,slow_25,slow_30,slow_35,slow_40,slow_45,slow_50,slow_55
slow_0,slow_5,slow_10,slow_15,slow_20,slow_25,slow_30,slow_35,slow_40,slow_45,slow_50,slow_55
slow_0,slow_5,slow_10,slow_15,slow_20,slow_25,slow_30,slow_35,slow_40,slow_45,slow_50,slow_55
slow_0,slow_5,slow_10,slow_15,slow_20,slow_25,slow_30,slow_35,slow_40,slow_45,slow_50,slow_55
slow_0,slow_5,slow_10,slow_15,slow_20,slow_25,slow_30,slow_35,slow_40,slow_45,slow_50,slow_55
slow_0,slow_5,slow_10,slow_15,slow_20,slow_25,slow_30,slow_35,slow_40,slow_45,slow_50,slow_55
slow_0,slow_5,slow_10,slow_15,slow_20,slow_25,slow_30,slow_35,slow_40,slow_45,slow_50,slow_55
slow_0,slow_5,slow_10,slow_15,slow_20,slow_25,slow_30,slow_35,slow_40,slow_45,slow_50,slow_55
slow_0,slow_5,slow_10,slow_15,slow_20,slow_25,slow_30,slow_35,slow_40,slow_45,slow_50,slow_55
slow_0,slow_5,slow_10,slow_15,slow_20,slow_25,slow_30,slow_35,slow_40,slow_45,slow_50,slow_55
slow_0,slow_5,slow_10,slow_15,slow_20,slow_25,slow_30,slow_35,slow_40,slow_45,slow_50,slow_55
slow_0,slow_5,slow_10,slow_15,slow_20,slow_25,slow_30,slow_35,slow_40,slow_45,slow_50,slow_55
slow_0,slow_5,slow_10,slow_15,slow_20,slow_25,slow_30,slow_35,slow_40,slow_45,slow_50,slow_55
slow_0,slow_5,slow_10,slow_15,slow_20,slow_25,slow_30,slow_35,slow_40,slow_45,slow_50,slow_55
slow_0,slow_5,slow_10,slow_15,slow_20,slow_25,slow_30,slow_35,slow_40,slow_45,slow_50,slow_55
slow_0,slow_5,slow_10,slow_15,slow_20,slow_25,slow_30,slow_35,slow_40,slow_45,slow_50,slow_55
slow_0,slow_5,slow_10,slow_15,slow_20,slow_25,slow_30,slow_35,slow_40,slow_45,slow_50,slow_55
slow_0,slow_5,slow_10,slow_15,slow_20,slow_25,slow_30,slow_35,slow_40,slow_45,slow_50,slow_55
slow_0,slow_5,slow_10,slow_15,slow_20,slow_25,slow_30,slow_35,slow_40,slow_45,slow_50,slow_55
slow_0,slow_5,slow_10,slow_15,slow_20,slow_25,slow_30,slow_35,slow_40,slow_45,slow_50,slow_55
slow_0,slow_5,slow_10,slow_15,slow_20,slow_25,slow_30,slow_35,slow_40,slow_45,slow_50,slow_55
slow_0,slow_5,slow_10,slow_15,slow_20,slow_25,slow_30,slow_35,slow_40,slow_45,slow_50,slow_55
slow_0,slow_5,slow_10,slow_15,slow_20,slow_25,slow_30,slow_35,slow_40,slow_45,slow_50,slow_55
slow_0,slow_5,slow_10,slow_15,slow_20,slow_25,slow_30,slow_35,slow_40,slow_45,slow_50,slow_55
slow_0,slow_5,slow_10,slow_15,slow_20,slow_25,slow_30,slow_35,slow_40,slow_45,slow_50,slow_55
slow_0,slow_5,slow_10,slow_15,slow_20,slow_25,slow_30,slow_35,slow_40,slow_45,slow_50,slow_55
slow_0,slow_5,slow_10,slow_15,slow_20,slow_25,slow_30,slow_35,slow_40,slow_45,slow_50,slow_55
slow_0,slow_5,slow_10,slow_15,slow_20,slow_25,slow_30,slow_35,slow_40,slow_45,slow_50,slow_55
slow_0,slow_5,slow_10,slow_15,slow_20,slow_25,slow_30,slow_35,slow_40,slow_45,slow_50,slow_55
slow_0,slow_5,slow_10,slow_15,slow_20,slow_25,slow_30,slow_35,slow_40,slow_45,slow_50,slow_55
slow_0,slow_5,slow_10,slow_15,slow_20,slow_25,slow_30,slow_35,slow_40,slow_45,slow_50,slow_55
slow_0,slow_5,slow_10,slow_15,slow_20,slow_25,slow_30,slow_35,slow_40,slow_45,slow_50,slow_55
slow_0,slow_5,slow_10,slow_15,slow_20,slow_25,slow_30,slow_35,slow_40,slow_45,slow_50,slow_55
slow_0,slow_5,slow_10,slow_15,slow_20,slow_25,slow_30,slow_35,slow_40,slow_45,slow_50,slow_55
slow_0,slow_5,slow_10,slow_15,slow_20,slow_25,slow_30,slow_35,slow_40,slow_45,slow_50,slow_55
slow_0,slow_5,slow_10,slow_15,slow_20,slow_25,slow_30,slow_35,slow_40,slow_45,slow_50,slow_55
slow_0,slow_5,slow_10,slow_15,slow_20,slow_25,slow_30,slow_35,slow_40,slow_45,slow_50,slow_55
slow_0,slow_5,slow_10,slow_15,slow_20,slow_25,slow_30,slow_35,slow_40,slow_45,slow_50,slow_55
slow_0,slow_5,slow_10,slow_15,slow_20,slow_25,slow_30,slow_35,slow_40,slow_45,slow_50,slow_55
slow_0,slow_5,slow_10,slow_15,slow_20,slow_25,slow_30,slow_35,slow_40,slow_45,slow_50,slow_55
slow_0,slow_5,slow_10,slow_15,slow_20,slow_25,slow_30,slow_35,slow_40,slow_45,slow_50,slow_55
slow_0,slow_5,slow_10,slow_15,slow_20,slow_25,slow_30,slow_35,slow_40,slow_45,slow_50,slow_55
slow_0,slow_5,slow_10,slow_15,slow_20,slow_25,slow_30,slow_35,slow_40,slow_45,slow_50,slow_55
slow_0,slow_5,slow_10,slow_15,slow_20,slow_25,slow_30,slow_35,slow_40,slow_45,slow_50,slow_55
slow_0,slow_5,slow_10,slow_15,slow_20,slow_25,slow_30,slow_35,slow_40,slow_45,slow_50,slow_55
slow_0,slow_5,slow_10,slow_15,slow_20,slow_25,slow_30,slow_35,slow_40,slow_45,slow_50,slow_55
slow_0,slow_5,slow_10,slow_15,slow_20,slow_25,slow_30,slow_35,slow_40,slow_45,slow_50,slow_55
slow_0,slow_5,slow_10,slow_15,slow_20,slow_25,slow_30,slow_35,slow_40,slow_45,slow_50,slow_55
slow_0,slow_5,slow_10,slow_15,slow_20,slow_25,slow_30,slow_35,slow_40,slow_45,slow_50,slow_55
slow_0,slow_5,slow_10,slow_15,slow_20,slow_25,slow_30,slow_35,slow_40,slow_45,slow_50,slow_55
slow_0,slow_5,slow_10,slow_15,slow_20,slow_25,slow_30,slow_35,slow_40,slow_45,slow_50,slow_55
slow_0,slow_5,slow_10,slow_15,slow_20,slow_25,slow_30,slow_35,slow_40,slow_45,slow_50,slow_55
slow_0,slow_5,slow_10,slow_15,slow_20,slow_25,slow_30,slow_35,slow_40,slow_45,slow_50,slow_55
slow_0,slow_5,slow_10,slow_15,slow_20,slow_25,slow_30,slow_35,slow_40,slow_45,slow_50,slow_55
slow_0,slow_5,slow_10,slow_15,slow_20,slow_25,slow_30,slow_35,slow_40,slow_45,slow_50,slow_55
slow_0,slow_5,slow_10,slow_15,slow_20,slow_25,slow_30,slow_35,slow_40,slow_45,slow_50,slow_55
slow_0,slow_5,slow_10,slow_15,slow_20,slow_25,slow_30,slow_35,slow_40,slow_45,slow_50,slow_55
slow_0,slow_5,slow_10,slow_15,slow_20,slow_25,slow_30,slow_35,slow_40,slow_45,slow_50,slow_55
slow_0,slow_5,slow_10,slow_15,slow_20,slow_25,slow_30,slow_35,slow_40,slow_45,slow_50,slow_55
slow_0,slow_5,slow_10,slow_15,slow_20,slow_25,slow_30,slow_35,slow_40,slow_45,slow_50,slow_55
slow_0,slow_5,slow_10,slow_15,slow_20,slow_25,slow_30,slow_35,slow_40,slow_45,slow_50,slow_55
slow_0,slow_5,slow_10,slow_15,slow_20,slow_25,slow_30,slow_35,slow_40,slow_45,slow_50,slow_55
slow_0,slow_5,slow_10,slow_15,slow_20,slow_25,slow_30,slow_35,slow_40,slow_45,slow_50,slow_55
slow_0,slow_5,slow_10,slow_15,slow_20,slow_25,slow_30,slow_35,slow_40,slow_45,slow_50,slow_55
slow_0,slow_5,slow_10,slow_15,slow_20,slow_25,slow_30,slow_35,slow_40,slow_45,slow_50,slow_55
slow_0,slow_5,slow_10,slow_15,slow_20,slow_25,slow_30,slow_35,slow_40,slow_45,slow_50,slow_55
slow_0,slow_5,slow_10,slow_15,slow_20,slow_25,slow_30,slow_35,slow_40,slow_45,slow_50,slow_55
slow_0,slow_5,slow_10,slow_15,slow_20,slow_25,slow_30,slow_35,slow_40,slow_45,slow_50,slow_55
slow_0,slow_5,slow_10,slow_15,slow_20,slow_25,slow_30,slow_35,slow_40,slow_45,slow_50,slow_55
slow_0,slow_5,slow_10,slow_15,slow_20,slow_25,slow_30,slow_35,slow_40,slow_45,slow_50,slow_55
slow_0,slow_5,slow_10,slow_15,slow_20,slow_25,slow_30,slow_35,slow_40,slow_45,slow_50,slow_55
slow_0,slow_5,slow_10,slow_15,slow_20,slow_25,slow_30,slow_35,slow_40,slow_45,slow_50,slow_55
slow_0,slow_5,slow_10,slow_15,slow_20,slow_25,slow_30,slow_35,slow_40,slow_45,slow_50,slow_55
slow_0,slow_5,slow_10,slow_15,slow_20,slow_25,slow_30,slow_35,slow_40,slow_45,slow_50,slow_55
slow_0,slow_5,slow_10,slow_15,slow_20,slow_25,slow_30,slow_35,slow_40,slow_45,slow_50,slow_55
slow_0,slow_5,slow_10,slow_15,slow_20,slow_25,slow_30,slow_35,slow_40,slow_45,slow_50,slow_55
slow_0,slow_5,slow_10,slow_15,slow_20,slow_25,slow_30,slow_35,slow_40,slow_45,slow_50,slow_55
slow_0,slow_5,slow_10,slow_15,slow_20,slow_25,slow_30,slow_35,slow_40,slow_45,slow_50,slow_55
slow_0,slow_5,slow_10,slow_15,slow_20,slow_25,slow_30,slow_35,slow_40,slow_45,slow_50,slow_55
slow_0,slow_5,slow_10,slow_15,slow_20,slow_25,slow_30,slow_35,slow_40,slow_45,slow_50,slow_55
slow_0,slow_5,slow_10,slow_15,slow_20,slow_25,slow_30,slow_35,slow_40,slow_45,slow_50,slow_55
slow_0,slow_5,slow_10,slow_15,slow_20,slow_25,slow_30,slow_35,slow_40,slow_45,slow_50,slow_55
slow_0,slow_5,slow_10,slow_15,slow_20,slow_25,slow_30,slow_35,slow_40,slow_45,slow_50,slow_55
slow_0,slow_5,slow_10,slow_15,slow_20,slow_25,slow_30,slow_35,slow_40,slow_45,slow_50,slow_55
slow_0,slow_5,slow_10,slow_15,slow_20,slow_25,slow_30,slow_35,slow_40,slow_45,slow_50,slow_55
slow_0,slow_5,slow_10,slow_15,slow_20,slow_25,slow_30,slow_35,slow_40,slow_45,slow_50,slow_55
slow_0,slow_5,slow_10,slow_15,slow_20,slow_25,slow_30,slow_35,slow_40,slow_45,slow_50,slow_55
slow_0,slow_5,slow_10,fast_15,slow_20,slow_25,slow_30,slow_35,slow_40
slow_30,slow_35,slow_40,slow_45,slow_50,slow_55
slow_0,slow_5,slow_10,slow_15,slow_20,slow_25,slow_30,slow_35,slow_40,slow_45,slow_50,slow_55
slow_0,slow_5,slow_10,slow_15,slow_20,slow_25,slow_30,slow_35,slow_40,slow_45,slow_50,slow_55
slow_0,slow_5,slow_10,slow_15,slow_20,slow_25,slow_30,slow_35,slow_40,slow_45,slow_50,slow_55
slow_0,slow_5,slow_10,slow_15,slow_20,slow_25,slow_30,slow_35,slow_40,slow_45,slow_50,slow_55
slow_0,slow_5,slow_10,slow_15,slow_20,slow_25,slow_30,slow_35,slow_40,slow_45,slow_50,slow_55
slow_0,slow_5,slow_10,slow_15,slow_20,slow_25,slow_30,slow_35,slow_40,slow_45,slow_50,slow_55
slow_0,slow_5,slow_10,slow_15,slow_20,slow_25,slow_30,slow_35,slow_40,slow_45,slow_50,slow_55
slow_0,slow_5,slow_10,slow_15,slow_20,slow_25,slow_30,slow_35,slow_40,slow_45,slow_50,slow_55
slow_0,slow_5,slow_10,slow_15,slow_20,slow_25,slow_30,slow_35,slow_40,slow_45,slow_50,slow_55
slow_0,slow_5,slow_10,slow_15,slow_20,slow_25,slow_30,slow_35,slow_40,slow_45,slow_50,slow_55
slow_0,slow_5,slow_10,slow_15,slow_20,slow_25,slow_30,slow_35,slow_40,slow_45,slow_50,slow_55
slow_0,slow_5,slow_10,slow_15,slow_20,slow_25,slow_30,slow_35,slow_40,slow_45,slow_50,slow_55
slow_0,slow_5,slow_10,slow_15,slow_20,slow_25,slow_30,slow_35,slow_40,slow_45,slow_50,slow_55
slow_0,slow_5,slow_10,slow_15,slow_20,slow_25,slow_30,slow_35,slow_40,slow_45,slow_50,slow_55
slow_0,slow_5,slow_10,slow_15,slow_20,slow_25,slow_30,slow_35,slow_40,slow_45,slow_50,slow_55
slow_0,slow_5,slow_10,slow_15,slow_20,slow_25,slow_30,slow_35,slow_40,slow_45,slow_50,slow_55
slow_0,slow_5,slow_10,slow_15,slow_20,slow_25,slow_30,slow_35,slow_40,slow_45,slow_50,slow_55
slow_0,slow_5,slow_10,slow_15,slow_20,slow_25,slow_30,slow_35,slow_40,slow_45,slow_50,slow_55
slow_0,slow_5,slow_10,slow_15,slow_20,slow_25,slow_30,slow_35,slow_40,slow_45,slow_50,slow_55
slow_0,slow_5,slow_10,slow_15,slow_20,slow_25,slow_30,slow_35,slow_40,slow_45,slow_50,slow_55
slow_0,slow_5,slow_10,slow_15,slow_20,slow_25,slow_30,slow_35,slow_40,slow_45,slow_50,slow_55
slow_0,slow_5,slow_10,slow_15,slow_20,slow_25,slow_30,slow_35,slow_40,slow_45,slow_50,slow_55
slow_0,slow_5,slow_10,slow_15,slow_20,slow_25,slow_30,slow_35,slow_40,slow_45,slow_50,slow_55
slow_0,slow_5,slow_10,slow_15,slow_20,slow_25,slow_30,slow_35,slow_40,slow_45,slow_50,slow_55
slow_0,slow_5,slow_10,slow_15,slow_20,slow_25,slow_30,slow_35,slow_40,slow_45,slow_50,slow_55
slow_0,slow_5,slow_10,slow_15,slow_20,slow_25,slow_30,slow_35,slow_40,slow_45,slow_50,slow_55
slow_0,slow_5,slow_10,slow_15,slow_20,slow_25,slow_30,slow_35,slow_40,slow_45,slow_50,slow_55
slow_0,slow_5,slow_10,slow_15,slow_20,slow_25,slow_30,slow_35,slow_40,slow_45,slow_50,slow_55
slow_0,slow_5,slow_10,slow_15,slow_20,slow_25,slow_30,slow_35,slow_40,slow_45,slow_50,slow_55
slow_0,slow_5,slow_10,slow_15,slow_20,slow_25,slow_30,slow_35,slow_40,slow_45,slow_50,slow_55
slow_0,slow_5,slow_10,slow_15,slow_20,slow_25,slow_30,slow_35,slow_40,slow_45,slow_50,slow_55
slow_0,slow_5,slow_10,slow_15,slow_20,slow_25,slow_30,slow_35,slow_40,slow_45,slow_50,slow_55
slow_0,slow_5,slow_10,slow_15,slow_20,slow_25,slow_30,slow_35,slow_40,slow_45,slow_50,slow_55
slow_0,slow_5,slow_10,slow_15,slow_20,slow_25,slow_30,slow_35,slow_40,slow_45,slow_50,slow_55
slow_0,slow_5,slow_10,slow_15,slow_20,slow_25,slow_30,slow_35,slow_40,slow_45,slow_50,slow_55
slow_0,slow_5,slow_10,slow_15,slow_20,slow_25,slow_30,slow_35,slow_40,slow_45,slow_50,slow_55
slow_0,slow_5,slow_10,slow_15,slow_20,slow_25,slow_30,slow_35,slow_40,slow_45,slow_50,slow_55
slow_0,slow_5,slow_10,slow_15,slow_20,slow_25,slow_30,slow_35,slow_40,slow_45,slow_50,slow_55
slow_0,slow_5,slow_10,slow_15,slow_20,slow_25,slow_30,slow_35,slow_40,slow_45,slow_50,slow_55
slow_0,slow_5,slow_10,slow_15,slow_20,slow_25,slow_30,slow_35,slow_40,slow_45,slow_50,slow_55
slow_0,slow_5,slow_10,slow_15,slow_20,slow_25,slow_30,slow_35,slow_40,slow_45,slow_50,slow_55
slow_0,slow_5,slow_10,slow_15,slow_20,slow_25,slow_30,slow_35,slow_40,slow_45,slow_50,slow_55
slow_0,slow_5,slow_10,slow_15,slow_20,slow_25,slow_30,slow_35,slow_40,slow_45,slow_50,slow_55
slow_0,slow_5,slow_10,slow_15,slow_20,slow_25,slow_30,slow_35,slow_40,slow_45,slow_50,slow_55
slow_0,slow_5,slow_10,slow_15,slow_20,slow_25,slow_30,slow_35,slow_40,slow_45,slow_50,slow_55
slow_0,slow_5,slow_10,slow_15,slow_20,slow_25,slow_30,slow_35,slow_40,slow_45,slow_50,slow_55
slow_0,slow_5,slow_10,slow_15,slow_20,slow_25,slow_30,slow_35,slow_40,slow_45,slow_50,slow_55
slow_0,slow_5,slow_10,slow_15,slow_20,slow_25,slow_30,slow_35,slow_40,slow_45,slow_50,slow_55
slow_0,slow_5,slow_10,slow_15,slow_20,slow_25,slow_30,slow_35,slow_40,slow_45,slow_50,slow_55
slow_0,slow_5,slow_10,slow_15,slow_20,slow_25,slow_30,slow_35,slow_40,slow_45,slow_50,slow_55
slow_0,slow_5,slow_10,slow_15,slow_20,slow_25,slow_30,slow_35,slow_40,slow_45,slow_50,slow_55
slow_0,slow_5,slow_10,slow_15,slow_20,slow_25,slow_30,slow_35,slow_40,slow_45,slow_50,slow_55
slow_0,slow_5,slow_10,slow_15,slow_20,slow_25,slow_30,slow_35,slow_40,slow_45,slow_50,slow_55
slow_0,slow_5,slow_10,slow_15,slow_20,slow_25,slow_30,slow_35,slow_40,slow_45,slow_50,slow_55
slow_0,slow_5,slow_10,slow_15,slow_20,slow_25,slow_30,slow_35,slow_40,slow_45,slow_50,slow_55
slow_0,slow_5,slow_10,slow_15,slow_20,slow_25,slow_30,slow_35,slow_40,slow_45,slow_50,slow_55
slow_0,slow_5,slow_10,slow_15,slow_20,slow_25,slow_30,slow_35,slow_40,slow_45,slow_50,slow_55
slow_0,slow_5,slow_10,slow_15,slow_20,slow_25,slow_30,slow_35,slow_40,slow_45,slow_50,slow_55
slow_0,slow_5,slow_10,slow_15,slow_20,slow_25,slow_30,slow_35,slow_40,slow_45,slow_50,slow_55
slow_0,slow_5,slow_10,slow_15,slow_20,slow_25,slow_30,slow_35,slow_40,slow_45,slow_50,slow_55
slow_0,slow_5,slow_10,slow_15,slow_20,slow_25,slow_30,slow_35,slow_40,slow_45,slow_50,slow_55
slow_0,slow_5,slow_10,slow_15,slow_20,slow_25,slow_30,slow_35,slow_40,slow_45,slow_50,slow_55
slow_0,slow_5,slow_10,slow_15,slow_20,slow_25,slow_30,slow_35,slow_40,slow_45,slow_50,slow_55
slow_0,slow_5,slow_10,slow_15,slow_20,slow_25,slow_30,slow_35,slow_40,slow_45,slow_50,slow_55
slow_0,slow_5,slow_10,slow_15,slow_20,slow_25,slow_30,slow_35,slow_40,slow_45,slow_50,slow_55
slow_0,slow_5,slow_10,slow_15,slow_20,slow_25,slow_30,slow_35,slow_40,slow_45,slow_50,slow_55
slow_0,slow_5,slow_10,slow_15,slow_20,slow_25,slow_30,slow_35,slow_40,slow_45,slow_50,slow_55
slow_0,slow_5,slow_10,slow_15,slow_20,slow_25,slow_30,slow_35,slow_40,slow_45,slow_50,slow_55
slow_0,slow_5,slow_10,slow_15,slow_20,slow_25,slow_30,slow_35,slow_40,slow_45,slow_50,slow_55
slow_0,slow_5,slow_10,slow_15,slow_20,slow_25,slow_30,slow_35,slow_40,slow_45,slow_50,slow_55
slow_0,slow_5,slow_10,slow_15,slow_20,slow_25,slow_30,slow_35,slow_40,slow_45,slow_50,slow_55
slow_0,slow_5,slow_10,slow_15,slow_20,slow_25,slow_30,slow_35,slow_40,slow_45,slow_50,slow_55
slow_0,slow_5,slow_10,slow_15,slow_20,slow_25,slow_30,slow_35,slow_40,slow_45,slow_50,slow_55
slow_0,slow_5,slow_10,slow_15,slow_20,slow_25,slow_30,slow_35,slow_40,slow_45,slow_50,slow_55
slow_0,slow_5,slow_10,slow_15,slow_20,slow_25,slow_30,slow_35,slow_40,slow_45,slow_50,slow_55
slow_0,slow_5,slow_10,slow_15,slow_20,slow_25,slow_30,slow_35,slow_40,slow_45,slow_50,slow_55
slow_0,slow_5,slow_10,slow_15,slow_20,slow_25,slow_30,slow_35,slow_40,slow_45,slow_50,slow_55
slow_0,slow_5,slow_10,slow_15,slow_20,slow_25,slow_30,slow_35,slow_40,slow_45,slow_50,slow_55
slow_0,slow_5,slow_10,slow_15,slow_20,slow_25,slow_30,slow_35,slow_40,slow_45,slow_50,slow_55
slow_0,slow_5,slow_10,slow_15,slow_20,slow_25,slow_30,slow_35,slow_40,slow_45,slow_50,slow_55
slow_0,slow_5,slow_10,slow_15,slow_20,slow_25,slow_30,slow_35,slow_40,slow_45,slow_50,slow_55
slow_0,slow_5,slow_10,slow_15,slow_20,slow_25,slow_30,slow_35,slow_40,slow_45,slow_50,slow_55
slow_0,slow_5,slow_10,slow_15,slow_20,slow_25,slow_30,slow_35,slow_40,slow_45,slow_50,slow_55
slow_0,slow_5,slow_10,slow_15,slow_20,slow_25,slow_30,slow_35,slow_40,slow_45,slow_50,slow_55
slow_0,slow_5,slow_10,slow_15,slow_20,slow_25,slow_30,slow_35,slow_40,slow_45,slow_50,slow_55
slow_0,slow_5,slow_10,slow_15,slow_20,slow_25,slow_30,slow_35,slow_40,slow_45,slow_50,slow_55
slow_0,slow_5,slow_10,slow_15,slow_20,slow_25,slow_30,slow_35,slow_40,slow_45,slow_50,slow_55
slow_0,slow_5,slow_10,slow_15,slow_20,slow_25,slow_30,slow_35,slow_40,slow_45,slow_50,slow_55
slow_0,slow_5,slow_10,slow_15,slow_20,slow_25,slow_30,slow_35,slow_40,slow_45,slow_50,slow_55
slow_0,slow_5,slow_10,slow_15,slow_20,slow_25,slow_30,slow_35,slow_40,slow_45,slow_50,slow_55
slow_0,slow_5,slow_10,slow_15,slow_20,slow_25,slow_30,slow_35,slow_40,slow_45,slow_50,slow_55
slow_0,slow_5,slow_10,slow_15,slow_20,slow_25,slow_30,slow_35,slow_40,slow_45,slow_50,slow_55
slow_0,slow_5,slow_10,slow_15,slow_20,slow_25,slow_30,slow_35,slow_40,slow_45,slow_50,slow_55
slow_0,slow_5,slow_10,slow_15,slow_20,slow_25,slow_30,slow_35,slow_40,slow_45,slow_50,slow_55
slow_0,slow_5,slow_10,slow_15,slow_20,slow_25,slow_30,slow_35,slow_40,slow_45,slow_50,slow_55
slow_0,slow_5,slow_10,slow_15,slow_20,slow_25,slow_30,slow_35,slow_40,slow_45,slow_50,slow_55
slow_0,slow_5,slow_10,slow_15,slow_20,slow_25,slow_30,slow_35,slow_40,slow_45,slow_50,slow_55
slow_0,slow_5,slow_10,slow_15,slow_20,slow_25,slow_30,slow_35,slow_40,slow_45,slow_50,slow_55
slow_0,slow_5,slow_10,slow_15,slow_20,slow_25,slow_30,slow_35,slow_40,slow_45,slow_50,slow_55
slow_0,slow_5,slow_10,slow_15,slow_20,slow_25,slow_30,slow_35,slow_40,slow_45,slow_50,slow_55
slow_0,slow_5,slow_10,slow_15,slow_20,slow_25,slow_30,slow_35,slow_40,slow_45,slow_50,slow_55
slow_0,slow_5,slow_10,slow_15,slow_20,slow_25,slow_30,slow_35,slow_40,slow_45,slow_50,slow_55
slow_0,slow_5,slow_10,slow_15,slow_20,slow_25,slow_30,slow_35,slow_40,slow_45,slow_50,slow_55
slow_0,slow_5,slow_10,slow_15,slow_20,slow_25,slow_30,slow_35,slow_40,slow_45,slow_50,slow_55
slow_0,slow_5,slow_10,slow_15,slow_20,slow_25,slow_30,slow_35,slow_40,slow_45,slow_50,slow_55
slow_0,slow_5,slow_10,slow_15,slow_20,slow_25,slow_30,slow_35,slow_40,slow_45,slow_50,slow_55
slow_0,slow_5,slow_10,slow_15,slow_20,slow_25,slow_30,slow_35,slow_40,slow_45,slow_50,slow_55
slow_0,slow_5,slow_10,slow_15,slow_20,slow_25,slow_30,slow_35,slow_40,slow_45,slow_50,slow_55
slow_0,slow_5,slow_10,slow_15,slow_20,slow_25,slow_30,slow_35,slow_40,slow_45,slow_50,slow_55
slow_0,slow_5,slow_10,slow_15,slow_20,slow_25,slow_30,slow_35,slow_40,slow_45,slow_50,slow_55
slow_0,slow_5,slow_10,slow_15,slow_20,slow_25,slow_30,slow_35,slow_40,slow_45,slow_50,slow_55
slow_0,slow_5,slow_10,slow_15,slow_20,slow_25,slow_30,slow_35,slow_40,slow_45,slow_50,slow_55
slow_0,slow_5,slow_10,slow_15,slow_20,slow_25,slow_30,slow_35,slow_40,slow_45,slow_50,slow_55
slow_0,slow_5,slow_10,slow_15,slow_20,slow_25,slow_30,slow_35,slow_40,slow_45,slow_50,slow_55
slow_0,slow_5,slow_10,slow_15,slow_20,slow_25,slow_30,slow_35,slow_40,slow_45,slow_50,slow_55
slow_0,slow_5,slow_10,slow_15,slow_20,slow_25,slow_30,slow_35,slow_40,slow_45,slow_50,slow_55
slow_0,slow_5,slow_10,slow_15,slow_20,slow_25,slow_30,slow_35,slow_40,slow_45,slow_50,slow_55
slow_0,slow_5,slow_10,slow_15,slow_20,slow_25,slow_30,slow_35,slow_40,slow_45,slow_50,slow_55
slow_0,slow_5,slow_10,slow_15,slow_20,slow_25,slow_30,slow_35,slow_40,slow_45,slow_50,slow_55
slow_0,slow_5,slow_10,slow_15,slow_20,slow_25,slow_30,slow_35,slow_40,slow_45,slow_50,slow_55
slow_0,slow_5,slow_10,slow_15,slow_20,slow_25,slow_30,slow_35,slow_40,slow_45,slow_50,slow_55
slow_0,slow_5,slow_10,slow_15,slow_20,slow_25,slow_30,slow_35,slow_40,slow_45,slow_50,slow_55
slow_0,slow_5,slow_10,slow_15,slow_20,slow_25,slow_30,slow_35,slow_40,slow_45,slow_50,slow_55
slow_0,slow_5,slow_10,slow_15,slow_20,slow_25,slow_30,slow_35,slow_40,slow_45,slow_50,slow_55
slow_0,slow_5,slow_10,slow_15,slow_20,slow_25,slow_30,slow_35,slow_40,slow_45,slow_50,slow_55
slow_0,slow_5,slow_10,slow_15,slow_20,slow_25,slow_30,slow_35,slow_40,slow_45,slow_50,slow_55
slow_0,slow_5,slow_10,slow_15,slow_20,slow_25,slow_30,slow_35,slow_40,slow_45,slow_50,slow_55
slow_0,slow_5,slow_10,slow_15,slow_20,slow_25,slow_30,slow_35,slow_40,slow_45,slow_50,slow_55
slow_0,slow_5,slow_10,slow_15,slow_20,slow_25,slow_30,slow_35,slow_40,slow_45,slow_50,slow_55
slow_0,slow_5,slow_10,slow_15,slow_20,slow_25,slow_30,slow_35,slow_40,slow_45,slow_50,slow_55
slow_0,slow_5,slow_10,slow_15,slow_20,slow_25,slow_30,slow_35,slow_40,slow_45,slow_50,slow_55
